[INFO] Scanning for projects...
[INFO] Scanning for projects...
[INFO] Scanning for projects...
[INFO] Scanning for projects...
[INFO] Scanning for projects...
[INFO] Scanning for projects...
[INFO] Scanning for projects...
[INFO] 
[INFO] ---------------< com.clone.instagram:insta-post-service >---------------
[INFO] Building insta-post-service 0.0.1-SNAPSHOT
[INFO]   from pom.xml
[INFO] --------------------------------[ jar ]---------------------------------
[INFO] 
[INFO] >>> spring-boot:2.1.4.RELEASE:run (default-cli) > test-compile @ insta-post-service >>>
[INFO] 
[INFO] ------------------< com.clone.instegram:auth-service >------------------
[INFO] Building auth-service 0.0.1-SNAPSHOT
[INFO]   from pom.xml
[INFO] --------------------------------[ jar ]---------------------------------
[INFO] 
[INFO] >>> spring-boot:2.1.3.RELEASE:run (default-cli) > test-compile @ auth-service >>>
[INFO] 
[INFO] ---------------< com.clone.instagram:insta-feed-service >---------------
[INFO] Building insta-feed-service 0.0.1-SNAPSHOT
[INFO]   from pom.xml
[INFO] --------------------------------[ jar ]---------------------------------
[INFO] 
[INFO] ---------------< com.clone.instagram:insta-api-gateway >----------------
[INFO] Building insta-api-gateway 0.0.1-SNAPSHOT
[INFO]   from pom.xml
[INFO] --------------------------------[ jar ]---------------------------------
[INFO] 
[INFO] >>> spring-boot:2.1.4.RELEASE:run (default-cli) > test-compile @ insta-api-gateway >>>
[INFO] 
[INFO] --------------< com.clone.instagram:insta-media-service >---------------
[INFO] Building insta-media-service 0.0.1-SNAPSHOT
[INFO]   from pom.xml
[INFO] --------------------------------[ jar ]---------------------------------
[INFO] 
[INFO] >>> spring-boot:2.1.5.RELEASE:run (default-cli) > test-compile @ insta-feed-service >>>
[INFO] 
[INFO] ----------------< com.clone..instagram:insta-discovery >----------------
[INFO] Building insta-discovery 0.0.1-SNAPSHOT
[INFO]   from pom.xml
[INFO] --------------------------------[ jar ]---------------------------------
[INFO] 
[INFO] >>> spring-boot:2.1.4.RELEASE:run (default-cli) > test-compile @ insta-media-service >>>
[INFO] 
[INFO] --------------< com.clone.instagram:insta-graph-service >---------------
[INFO] Building insta-graph-service 0.0.1-SNAPSHOT
[INFO]   from pom.xml
[INFO] --------------------------------[ jar ]---------------------------------
[INFO] 
[INFO] >>> spring-boot:2.1.4.RELEASE:run (default-cli) > test-compile @ insta-graph-service >>>
[INFO] 
[INFO] >>> spring-boot:2.1.4.RELEASE:run (default-cli) > test-compile @ insta-discovery >>>
[INFO] 
[INFO] --- resources:3.1.0:resources (default-resources) @ insta-post-service ---
[INFO] Using 'UTF-8' encoding to copy filtered resources.
[INFO] Copying 1 resource
[INFO] Copying 0 resource
[INFO] 
[INFO] --- compiler:3.8.0:compile (default-compile) @ insta-post-service ---
[INFO] Changes detected - recompiling the module!
[INFO] Compiling 32 source files to /Users/brucezjt/Projects/my-moments/insta-post-service/target/classes
[INFO] 
[INFO] --- resources:3.1.0:resources (default-resources) @ auth-service ---
[INFO] 
[INFO] --- resources:3.1.0:resources (default-resources) @ insta-api-gateway ---
[INFO] 
[INFO] --- resources:3.1.0:resources (default-resources) @ insta-feed-service ---
[INFO] 
[INFO] --- resources:3.1.0:resources (default-resources) @ insta-graph-service ---
[INFO] Using 'UTF-8' encoding to copy filtered resources.
[INFO] Copying 1 resource
[INFO] Copying 1 resource
[INFO] 
[INFO] --- compiler:3.8.0:compile (default-compile) @ auth-service ---
[INFO] 
[INFO] --- resources:3.1.0:resources (default-resources) @ insta-discovery ---
[INFO] 
[INFO] --- resources:3.1.0:resources (default-resources) @ insta-media-service ---
[INFO] Nothing to compile - all classes are up to date
[INFO] 
[INFO] --- resources:3.1.0:testResources (default-testResources) @ auth-service ---
[INFO] Using 'UTF-8' encoding to copy filtered resources.
[INFO] skip non existing resourceDirectory /Users/brucezjt/Projects/my-moments/auth-service/src/test/resources
[INFO] 
[INFO] --- compiler:3.8.0:testCompile (default-testCompile) @ auth-service ---
[INFO] Changes detected - recompiling the module!
[INFO] Compiling 1 source file to /Users/brucezjt/Projects/my-moments/auth-service/target/test-classes
[INFO] Using 'UTF-8' encoding to copy filtered resources.
[INFO] Copying 1 resource
[INFO] Copying 1 resource
[INFO] 
[INFO] --- compiler:3.8.0:compile (default-compile) @ insta-discovery ---
[INFO] Using 'UTF-8' encoding to copy filtered resources.
[INFO] Using 'UTF-8' encoding to copy filtered resources.
[INFO] Copying 1 resource
[INFO] Copying 1 resource
[INFO] Copying 0 resource
[INFO] 
[INFO] --- compiler:3.8.0:compile (default-compile) @ insta-api-gateway ---
[INFO] Copying 0 resource
[INFO] Using 'UTF-8' encoding to copy filtered resources.
[INFO] 
[INFO] --- compiler:3.8.0:compile (default-compile) @ insta-graph-service ---
[INFO] Copying 1 resource
[INFO] Copying 0 resource
[INFO] 
[INFO] --- compiler:3.8.1:compile (default-compile) @ insta-feed-service ---
[INFO] Using 'UTF-8' encoding to copy filtered resources.
[INFO] Copying 1 resource
[INFO] Copying 0 resource
[INFO] 
[INFO] --- compiler:3.8.0:compile (default-compile) @ insta-media-service ---
[INFO] Nothing to compile - all classes are up to date
[INFO] 
[INFO] --- resources:3.1.0:testResources (default-testResources) @ insta-api-gateway ---
[INFO] Using 'UTF-8' encoding to copy filtered resources.
[INFO] skip non existing resourceDirectory /Users/brucezjt/Projects/my-moments/insta-api-gateway/src/test/resources
[INFO] 
[INFO] --- compiler:3.8.0:testCompile (default-testCompile) @ insta-api-gateway ---
[INFO] Nothing to compile - all classes are up to date
[INFO] 
[INFO] <<< spring-boot:2.1.4.RELEASE:run (default-cli) < test-compile @ insta-api-gateway <<<
[INFO] 
[INFO] 
[INFO] --- spring-boot:2.1.4.RELEASE:run (default-cli) @ insta-api-gateway ---
[INFO] Nothing to compile - all classes are up to date
[INFO] 
[INFO] --- resources:3.1.0:testResources (default-testResources) @ insta-feed-service ---
[INFO] Using 'UTF-8' encoding to copy filtered resources.
[INFO] skip non existing resourceDirectory /Users/brucezjt/Projects/my-moments/insta-feed-service/src/test/resources
[INFO] 
[INFO] --- compiler:3.8.1:testCompile (default-testCompile) @ insta-feed-service ---
[INFO] Nothing to compile - all classes are up to date
[INFO] 
[INFO] <<< spring-boot:2.1.5.RELEASE:run (default-cli) < test-compile @ insta-feed-service <<<
[INFO] 
[INFO] 
[INFO] --- spring-boot:2.1.5.RELEASE:run (default-cli) @ insta-feed-service ---
[INFO] Nothing to compile - all classes are up to date
[INFO] 
[INFO] --- resources:3.1.0:testResources (default-testResources) @ insta-graph-service ---
[INFO] Using 'UTF-8' encoding to copy filtered resources.
[INFO] skip non existing resourceDirectory /Users/brucezjt/Projects/my-moments/insta-graph-service/src/test/resources
[INFO] 
[INFO] --- compiler:3.8.0:testCompile (default-testCompile) @ insta-graph-service ---
[INFO] Nothing to compile - all classes are up to date
[INFO] 
[INFO] <<< spring-boot:2.1.4.RELEASE:run (default-cli) < test-compile @ insta-graph-service <<<
[INFO] 
[INFO] 
[INFO] --- spring-boot:2.1.4.RELEASE:run (default-cli) @ insta-graph-service ---
[INFO] Nothing to compile - all classes are up to date
[INFO] 
[INFO] --- resources:3.1.0:testResources (default-testResources) @ insta-media-service ---
[INFO] Using 'UTF-8' encoding to copy filtered resources.
[INFO] skip non existing resourceDirectory /Users/brucezjt/Projects/my-moments/insta-media-service/src/test/resources
[INFO] 
[INFO] --- compiler:3.8.0:testCompile (default-testCompile) @ insta-media-service ---
[INFO] Nothing to compile - all classes are up to date
[INFO] 
[INFO] <<< spring-boot:2.1.4.RELEASE:run (default-cli) < test-compile @ insta-media-service <<<
[INFO] 
[INFO] 
[INFO] --- spring-boot:2.1.4.RELEASE:run (default-cli) @ insta-media-service ---
[INFO] Nothing to compile - all classes are up to date
[INFO] 
[INFO] --- resources:3.1.0:testResources (default-testResources) @ insta-discovery ---
[INFO] Using 'UTF-8' encoding to copy filtered resources.
[INFO] skip non existing resourceDirectory /Users/brucezjt/Projects/my-moments/insta-discovery/src/test/resources
[INFO] 
[INFO] --- compiler:3.8.0:testCompile (default-testCompile) @ insta-discovery ---
[INFO] Nothing to compile - all classes are up to date
[INFO] 
[INFO] <<< spring-boot:2.1.4.RELEASE:run (default-cli) < test-compile @ insta-discovery <<<
[INFO] 
[INFO] 
[INFO] --- spring-boot:2.1.4.RELEASE:run (default-cli) @ insta-discovery ---
2025-11-25 13:10:09.794  INFO 60416 --- [           main] trationDelegate$BeanPostProcessorChecker : Bean 'org.springframework.cloud.autoconfigure.ConfigurationPropertiesRebinderAutoConfiguration' of type [org.springframework.cloud.autoconfigure.ConfigurationPropertiesRebinderAutoConfiguration$$EnhancerBySpringCGLIB$$d9a05970] is not eligible for getting processed by all BeanPostProcessors (for example: not eligible for auto-proxying)
[INFO] 
[INFO] <<< spring-boot:2.1.3.RELEASE:run (default-cli) < test-compile @ auth-service <<<
[INFO] 
[INFO] 
[INFO] --- spring-boot:2.1.3.RELEASE:run (default-cli) @ auth-service ---
2025-11-25 13:10:10.059  INFO 60423 --- [           main] trationDelegate$BeanPostProcessorChecker : Bean 'org.springframework.cloud.autoconfigure.ConfigurationPropertiesRebinderAutoConfiguration' of type [org.springframework.cloud.autoconfigure.ConfigurationPropertiesRebinderAutoConfiguration$$EnhancerBySpringCGLIB$$7b0787d0] is not eligible for getting processed by all BeanPostProcessors (for example: not eligible for auto-proxying)

  .   ____          _            __ _ _
 /\\ / ___'_ __ _ _(_)_ __  __ _ \ \ \ \
( ( )\___ | '_ | '_| | '_ \/ _` | \ \ \ \
 \\/  ___)| |_)| | | | | || (_| |  ) ) ) )
  '  |____| .__|_| |_|_| |_\__, | / / / /
 =========|_|==============|___/=/_/_/_/
 :: Spring Boot ::        (v2.1.4.RELEASE)

2025-11-25 13:10:10.145  INFO 60416 --- [           main] c.c.i.i.InstaApiGatewayApplication       : No active profile set, falling back to default profiles: default

  .   ____          _            __ _ _
 /\\ / ___'_ __ _ _(_)_ __  __ _ \ \ \ \
( ( )\___ | '_ | '_| | '_ \/ _` | \ \ \ \
 \\/  ___)| |_)| | | | | || (_| |  ) ) ) )
  '  |____| .__|_| |_|_| |_\__, | / / / /
 =========|_|==============|___/=/_/_/_/
 :: Spring Boot ::        (v2.1.5.RELEASE)

2025-11-25 13:10:10.308  INFO 60423 --- [           main] c.c.i.i.InstaFeedServiceApplication      : No active profile set, falling back to default profiles: default
2025-11-25 13:10:10.310  INFO 60419 --- [           main] trationDelegate$BeanPostProcessorChecker : Bean 'org.springframework.cloud.autoconfigure.ConfigurationPropertiesRebinderAutoConfiguration' of type [org.springframework.cloud.autoconfigure.ConfigurationPropertiesRebinderAutoConfiguration$$EnhancerBySpringCGLIB$$e97d6413] is not eligible for getting processed by all BeanPostProcessors (for example: not eligible for auto-proxying)
2025-11-25 13:10:10.405  INFO 60418 --- [           main] trationDelegate$BeanPostProcessorChecker : Bean 'org.springframework.cloud.autoconfigure.ConfigurationPropertiesRebinderAutoConfiguration' of type [org.springframework.cloud.autoconfigure.ConfigurationPropertiesRebinderAutoConfiguration$$EnhancerBySpringCGLIB$$ef4cb3c6] is not eligible for getting processed by all BeanPostProcessors (for example: not eligible for auto-proxying)
2025-11-25 13:10:10.430  INFO 60422 --- [           main] trationDelegate$BeanPostProcessorChecker : Bean 'org.springframework.cloud.autoconfigure.ConfigurationPropertiesRebinderAutoConfiguration' of type [org.springframework.cloud.autoconfigure.ConfigurationPropertiesRebinderAutoConfiguration$$EnhancerBySpringCGLIB$$ee22caba] is not eligible for getting processed by all BeanPostProcessors (for example: not eligible for auto-proxying)

  .   ____          _            __ _ _
 /\\ / ___'_ __ _ _(_)_ __  __ _ \ \ \ \
( ( )\___ | '_ | '_| | '_ \/ _` | \ \ \ \
 \\/  ___)| |_)| | | | | || (_| |  ) ) ) )
  '  |____| .__|_| |_|_| |_\__, | / / / /
 =========|_|==============|___/=/_/_/_/
 :: Spring Boot ::        (v2.1.4.RELEASE)

2025-11-25 13:10:10.545  INFO 60422 --- [           main] c.c.i.i.InstaGraphServiceApplication     : No active profile set, falling back to default profiles: default

  .   ____          _            __ _ _
 /\\ / ___'_ __ _ _(_)_ __  __ _ \ \ \ \
( ( )\___ | '_ | '_| | '_ \/ _` | \ \ \ \
 \\/  ___)| |_)| | | | | || (_| |  ) ) ) )
  '  |____| .__|_| |_|_| |_\__, | / / / /
 =========|_|==============|___/=/_/_/_/
 :: Spring Boot ::        (v2.1.4.RELEASE)

2025-11-25 13:10:10.591  INFO 60419 --- [           main] c.c.i.i.InstaMediaServiceApplication     : No active profile set, falling back to default profiles: default


  ___               _              ___    _
 |_ _|  _ _    ___ | |_   __ _    |   \  (_)  ___  __   ___  __ __  ___   _ _   _  _
  | |  | ' \  (_-< |  _| / _` |   | |) | | | (_-< / _| / _ \ \ V / / -_) | '_| | || |
 |___| |_||_| /__/  \__| \__,_|   |___/  |_| /__/ \__| \___/  \_/  \___| |_|    \_, |
                                                                                |__/
2025-11-25 13:10:10.677  INFO 60418 --- [           main] c.c.i.i.InstaDiscoveryApplication        : No active profile set, falling back to default profiles: default
[INFO] /Users/brucezjt/Projects/my-moments/insta-post-service/src/main/java/com/clone/instagram/instapostservice/config/JwtTokenAuthenticationFilter.java: /Users/brucezjt/Projects/my-moments/insta-post-service/src/main/java/com/clone/instagram/instapostservice/config/JwtTokenAuthenticationFilter.java uses unchecked or unsafe operations.
[INFO] /Users/brucezjt/Projects/my-moments/insta-post-service/src/main/java/com/clone/instagram/instapostservice/config/JwtTokenAuthenticationFilter.java: Recompile with -Xlint:unchecked for details.
[INFO] 
[INFO] --- resources:3.1.0:testResources (default-testResources) @ insta-post-service ---
[INFO] Using 'UTF-8' encoding to copy filtered resources.
[INFO] skip non existing resourceDirectory /Users/brucezjt/Projects/my-moments/insta-post-service/src/test/resources
[INFO] 
[INFO] --- compiler:3.8.0:testCompile (default-testCompile) @ insta-post-service ---
[INFO] Nothing to compile - all classes are up to date
[INFO] 
[INFO] <<< spring-boot:2.1.4.RELEASE:run (default-cli) < test-compile @ insta-post-service <<<
[INFO] 
[INFO] 
[INFO] --- spring-boot:2.1.4.RELEASE:run (default-cli) @ insta-post-service ---
2025-11-25 13:10:10.951  INFO 60423 --- [           main] .s.d.r.c.RepositoryConfigurationDelegate : Bootstrapping Spring Data repositories in DEFAULT mode.
2025-11-25 13:10:11.093  INFO 60423 --- [           main] .s.d.r.c.RepositoryConfigurationDelegate : Finished Spring Data repository scanning in 140ms. Found 1 repository interfaces.
2025-11-25 13:10:11.087  INFO 60414 --- [           main] o.s.core.annotation.AnnotationUtils      : Failed to introspect annotations on class org.springframework.cloud.netflix.eureka.config.EurekaDiscoveryClientConfigServiceBootstrapConfiguration: java.lang.IllegalStateException: Could not obtain annotation attribute value for public abstract java.lang.Class[] org.springframework.boot.autoconfigure.condition.ConditionalOnClass.value()
2025-11-25 13:10:11.181  WARN 60416 --- [           main] o.s.boot.actuate.endpoint.EndpointId     : Endpoint ID 'service-registry' contains invalid characters, please migrate to a valid format.
2025-11-25 13:10:11.222  INFO 60423 --- [           main] .s.d.r.c.RepositoryConfigurationDelegate : Bootstrapping Spring Data repositories in DEFAULT mode.
2025-11-25 13:10:11.234  INFO 60419 --- [           main] .s.d.r.c.RepositoryConfigurationDelegate : Bootstrapping Spring Data repositories in DEFAULT mode.
2025-11-25 13:10:11.249  WARN 60416 --- [           main] o.s.boot.actuate.endpoint.EndpointId     : Endpoint ID 'hystrix.stream' contains invalid characters, please migrate to a valid format.
2025-11-25 13:10:11.260  INFO 60423 --- [           main] .s.d.r.c.RepositoryConfigurationDelegate : Finished Spring Data repository scanning in 38ms. Found 0 repository interfaces.
2025-11-25 13:10:11.294  INFO 60419 --- [           main] .s.d.r.c.RepositoryConfigurationDelegate : Finished Spring Data repository scanning in 57ms. Found 1 repository interfaces.
2025-11-25 13:10:11.317  INFO 60414 --- [           main] trationDelegate$BeanPostProcessorChecker : Bean 'configurationPropertiesRebinderAutoConfiguration' of type [org.springframework.cloud.autoconfigure.ConfigurationPropertiesRebinderAutoConfiguration$$EnhancerBySpringCGLIB$$8a8c2cf7] is not eligible for getting processed by all BeanPostProcessors (for example: not eligible for auto-proxying)
2025-11-25 13:10:11.397  INFO 60422 --- [           main] .s.d.r.c.RepositoryConfigurationDelegate : Bootstrapping Spring Data repositories in DEFAULT mode.
2025-11-25 13:10:11.624  INFO 60416 --- [           main] o.s.cloud.context.scope.GenericScope     : BeanFactory id=b118a9ef-57de-392c-91f8-c23d1594261e
2025-11-25 13:10:11.632  INFO 60422 --- [           main] .s.d.r.c.RepositoryConfigurationDelegate : Finished Spring Data repository scanning in 219ms. Found 1 repository interfaces.

  _____           _                      _   _
 |_   _|         | |                    | | | |
   | |  _ __  ___| |_ __ _    __ _ _   _| |_| |__
   | | | '_ \/ __| __/ _` |  / _` | | | | __| '_ \
  _| |_| | | \__ \ || (_| | | (_| | |_| | |_| | | |
 |_____|_| |_|___/\__\__,_|  \__,_|\__,_|\__|_| |_|


2025-11-25 13:10:11.655  INFO 60414 --- [           main] c.c.i.a.AuthServiceApplication           : No active profile set, falling back to default profiles: default
2025-11-25 13:10:11.728  WARN 60418 --- [           main] o.s.boot.actuate.endpoint.EndpointId     : Endpoint ID 'service-registry' contains invalid characters, please migrate to a valid format.
2025-11-25 13:10:11.756  INFO 60419 --- [           main] o.s.cloud.context.scope.GenericScope     : BeanFactory id=0bd6bbcc-1342-352b-9272-ee1f0b3017d9
2025-11-25 13:10:11.764  INFO 60416 --- [           main] trationDelegate$BeanPostProcessorChecker : Bean 'org.springframework.cloud.autoconfigure.ConfigurationPropertiesRebinderAutoConfiguration' of type [org.springframework.cloud.autoconfigure.ConfigurationPropertiesRebinderAutoConfiguration$$EnhancerBySpringCGLIB$$d9a05970] is not eligible for getting processed by all BeanPostProcessors (for example: not eligible for auto-proxying)
2025-11-25 13:10:11.857  INFO 60423 --- [           main] o.s.cloud.context.scope.GenericScope     : BeanFactory id=26dd522d-4c6d-33ab-b124-df67be6c79ba
2025-11-25 13:10:11.868  INFO 60423 --- [           main] faultConfiguringBeanFactoryPostProcessor : No bean named 'errorChannel' has been explicitly defined. Therefore, a default PublishSubscribeChannel will be created.
2025-11-25 13:10:11.872  INFO 60423 --- [           main] faultConfiguringBeanFactoryPostProcessor : No bean named 'taskScheduler' has been explicitly defined. Therefore, a default ThreadPoolTaskScheduler will be created.
2025-11-25 13:10:11.875  INFO 60423 --- [           main] faultConfiguringBeanFactoryPostProcessor : No bean named 'integrationHeaderChannelRegistry' has been explicitly defined. Therefore, a default DefaultHeaderChannelRegistry will be created.
2025-11-25 13:10:11.887  INFO 60423 --- [           main] trationDelegate$BeanPostProcessorChecker : Bean 'com.clone.instagram.instafeedservice.client.AuthServiceClient' of type [org.springframework.cloud.openfeign.FeignClientFactoryBean] is not eligible for getting processed by all BeanPostProcessors (for example: not eligible for auto-proxying)
2025-11-25 13:10:11.888  INFO 60423 --- [           main] trationDelegate$BeanPostProcessorChecker : Bean 'com.clone.instagram.instafeedservice.client.GraphServiceClient' of type [org.springframework.cloud.openfeign.FeignClientFactoryBean] is not eligible for getting processed by all BeanPostProcessors (for example: not eligible for auto-proxying)
2025-11-25 13:10:11.890  INFO 60423 --- [           main] trationDelegate$BeanPostProcessorChecker : Bean 'com.clone.instagram.instafeedservice.client.PostServiceClient' of type [org.springframework.cloud.openfeign.FeignClientFactoryBean] is not eligible for getting processed by all BeanPostProcessors (for example: not eligible for auto-proxying)
2025-11-25 13:10:11.914  INFO 60423 --- [           main] trationDelegate$BeanPostProcessorChecker : Bean 'org.springframework.kafka.annotation.KafkaBootstrapConfiguration' of type [org.springframework.kafka.annotation.KafkaBootstrapConfiguration$$EnhancerBySpringCGLIB$$329f9656] is not eligible for getting processed by all BeanPostProcessors (for example: not eligible for auto-proxying)
2025-11-25 13:10:11.953  INFO 60419 --- [           main] trationDelegate$BeanPostProcessorChecker : Bean 'org.springframework.cloud.autoconfigure.ConfigurationPropertiesRebinderAutoConfiguration' of type [org.springframework.cloud.autoconfigure.ConfigurationPropertiesRebinderAutoConfiguration$$EnhancerBySpringCGLIB$$e97d6413] is not eligible for getting processed by all BeanPostProcessors (for example: not eligible for auto-proxying)
2025-11-25 13:10:12.118  INFO 60423 --- [           main] trationDelegate$BeanPostProcessorChecker : Bean 'integrationDisposableAutoCreatedBeans' of type [org.springframework.integration.config.annotation.Disposables] is not eligible for getting processed by all BeanPostProcessors (for example: not eligible for auto-proxying)
2025-11-25 13:10:12.138  INFO 60423 --- [           main] trationDelegate$BeanPostProcessorChecker : Bean 'org.springframework.integration.config.IntegrationManagementConfiguration' of type [org.springframework.integration.config.IntegrationManagementConfiguration$$EnhancerBySpringCGLIB$$c9df4002] is not eligible for getting processed by all BeanPostProcessors (for example: not eligible for auto-proxying)
2025-11-25 13:10:12.146  INFO 60423 --- [           main] trationDelegate$BeanPostProcessorChecker : Bean 'org.springframework.boot.autoconfigure.integration.IntegrationAutoConfiguration$IntegrationJmxConfiguration' of type [org.springframework.boot.autoconfigure.integration.IntegrationAutoConfiguration$IntegrationJmxConfiguration$$EnhancerBySpringCGLIB$$a5714b22] is not eligible for getting processed by all BeanPostProcessors (for example: not eligible for auto-proxying)
2025-11-25 13:10:12.158  INFO 60423 --- [           main] trationDelegate$BeanPostProcessorChecker : Bean 'org.springframework.boot.autoconfigure.jmx.JmxAutoConfiguration' of type [org.springframework.boot.autoconfigure.jmx.JmxAutoConfiguration$$EnhancerBySpringCGLIB$$de58f3ef] is not eligible for getting processed by all BeanPostProcessors (for example: not eligible for auto-proxying)
2025-11-25 13:10:12.168  INFO 60423 --- [           main] trationDelegate$BeanPostProcessorChecker : Bean 'mbeanServer' of type [com.sun.jmx.mbeanserver.JmxMBeanServer] is not eligible for getting processed by all BeanPostProcessors (for example: not eligible for auto-proxying)
2025-11-25 13:10:12.178  INFO 60423 --- [           main] trationDelegate$BeanPostProcessorChecker : Bean 'org.springframework.cloud.autoconfigure.ConfigurationPropertiesRebinderAutoConfiguration' of type [org.springframework.cloud.autoconfigure.ConfigurationPropertiesRebinderAutoConfiguration$$EnhancerBySpringCGLIB$$7b0787d0] is not eligible for getting processed by all BeanPostProcessors (for example: not eligible for auto-proxying)
2025-11-25 13:10:12.317  INFO 60418 --- [           main] o.s.cloud.context.scope.GenericScope     : BeanFactory id=7419fc8b-01f2-3a73-8e17-828b645d6139
2025-11-25 13:10:12.419  INFO 60422 --- [           main] o.s.cloud.context.scope.GenericScope     : BeanFactory id=e1a0475d-fdc7-39c9-b234-e4fe937afaed
2025-11-25 13:10:12.425  INFO 60422 --- [           main] faultConfiguringBeanFactoryPostProcessor : No bean named 'errorChannel' has been explicitly defined. Therefore, a default PublishSubscribeChannel will be created.
2025-11-25 13:10:12.428  INFO 60422 --- [           main] faultConfiguringBeanFactoryPostProcessor : No bean named 'taskScheduler' has been explicitly defined. Therefore, a default ThreadPoolTaskScheduler will be created.
2025-11-25 13:10:12.431  INFO 60422 --- [           main] faultConfiguringBeanFactoryPostProcessor : No bean named 'integrationHeaderChannelRegistry' has been explicitly defined. Therefore, a default DefaultHeaderChannelRegistry will be created.
2025-11-25 13:10:12.469  INFO 60418 --- [           main] trationDelegate$BeanPostProcessorChecker : Bean 'org.springframework.cloud.autoconfigure.ConfigurationPropertiesRebinderAutoConfiguration' of type [org.springframework.cloud.autoconfigure.ConfigurationPropertiesRebinderAutoConfiguration$$EnhancerBySpringCGLIB$$ef4cb3c6] is not eligible for getting processed by all BeanPostProcessors (for example: not eligible for auto-proxying)
2025-11-25 13:10:12.475  INFO 60414 --- [           main] .s.d.r.c.RepositoryConfigurationDelegate : Bootstrapping Spring Data repositories in DEFAULT mode.
2025-11-25 13:10:12.487  INFO 60422 --- [           main] trationDelegate$BeanPostProcessorChecker : Bean 'org.springframework.kafka.annotation.KafkaBootstrapConfiguration' of type [org.springframework.kafka.annotation.KafkaBootstrapConfiguration$$EnhancerBySpringCGLIB$$a5bad940] is not eligible for getting processed by all BeanPostProcessors (for example: not eligible for auto-proxying)
2025-11-25 13:10:12.540  INFO 60416 --- [           main] o.s.b.w.embedded.tomcat.TomcatWebServer  : Tomcat initialized with port(s): 8762 (http)
2025-11-25 13:10:12.569  INFO 60416 --- [           main] o.apache.catalina.core.StandardService   : Starting service [Tomcat]
2025-11-25 13:10:12.569  INFO 60416 --- [           main] org.apache.catalina.core.StandardEngine  : Starting Servlet engine: [Apache Tomcat/9.0.17]
2025-11-25 13:10:12.570  INFO 60421 --- [           main] trationDelegate$BeanPostProcessorChecker : Bean 'org.springframework.cloud.autoconfigure.ConfigurationPropertiesRebinderAutoConfiguration' of type [org.springframework.cloud.autoconfigure.ConfigurationPropertiesRebinderAutoConfiguration$$EnhancerBySpringCGLIB$$99991865] is not eligible for getting processed by all BeanPostProcessors (for example: not eligible for auto-proxying)
2025-11-25 13:10:12.671  INFO 60414 --- [           main] .s.d.r.c.RepositoryConfigurationDelegate : Finished Spring Data repository scanning in 192ms. Found 1 repository interfaces.
2025-11-25 13:10:12.708  INFO 60416 --- [           main] o.a.c.c.C.[Tomcat].[localhost].[/]       : Initializing Spring embedded WebApplicationContext
2025-11-25 13:10:12.708  INFO 60416 --- [           main] o.s.web.context.ContextLoader            : Root WebApplicationContext: initialization completed in 2551 ms
2025-11-25 13:10:12.712  INFO 60422 --- [           main] trationDelegate$BeanPostProcessorChecker : Bean 'org.springframework.transaction.annotation.ProxyTransactionManagementConfiguration' of type [org.springframework.transaction.annotation.ProxyTransactionManagementConfiguration$$EnhancerBySpringCGLIB$$d208c7bd] is not eligible for getting processed by all BeanPostProcessors (for example: not eligible for auto-proxying)
2025-11-25 13:10:12.744  INFO 60419 --- [           main] o.s.b.w.embedded.tomcat.TomcatWebServer  : Tomcat initialized with port(s): 8000 (http)
2025-11-25 13:10:12.750  INFO 60422 --- [           main] trationDelegate$BeanPostProcessorChecker : Bean 'integrationDisposableAutoCreatedBeans' of type [org.springframework.integration.config.annotation.Disposables] is not eligible for getting processed by all BeanPostProcessors (for example: not eligible for auto-proxying)
2025-11-25 13:10:12.768  INFO 60419 --- [           main] o.apache.catalina.core.StandardService   : Starting service [Tomcat]
2025-11-25 13:10:12.769  INFO 60419 --- [           main] org.apache.catalina.core.StandardEngine  : Starting Servlet engine: [Apache Tomcat/9.0.17]
2025-11-25 13:10:12.788  INFO 60422 --- [           main] trationDelegate$BeanPostProcessorChecker : Bean 'org.springframework.integration.config.IntegrationManagementConfiguration' of type [org.springframework.integration.config.IntegrationManagementConfiguration$$EnhancerBySpringCGLIB$$3cfa82ec] is not eligible for getting processed by all BeanPostProcessors (for example: not eligible for auto-proxying)
2025-11-25 13:10:12.791  INFO 60423 --- [           main] o.s.b.w.embedded.tomcat.TomcatWebServer  : Tomcat initialized with port(s): 8003 (http)
2025-11-25 13:10:12.798  INFO 60422 --- [           main] trationDelegate$BeanPostProcessorChecker : Bean 'org.springframework.boot.autoconfigure.integration.IntegrationAutoConfiguration$IntegrationJmxConfiguration' of type [org.springframework.boot.autoconfigure.integration.IntegrationAutoConfiguration$IntegrationJmxConfiguration$$EnhancerBySpringCGLIB$$188c8e0c] is not eligible for getting processed by all BeanPostProcessors (for example: not eligible for auto-proxying)
2025-11-25 13:10:12.803  INFO 60422 --- [           main] trationDelegate$BeanPostProcessorChecker : Bean 'org.springframework.boot.autoconfigure.jmx.JmxAutoConfiguration' of type [org.springframework.boot.autoconfigure.jmx.JmxAutoConfiguration$$EnhancerBySpringCGLIB$$517436d9] is not eligible for getting processed by all BeanPostProcessors (for example: not eligible for auto-proxying)
2025-11-25 13:10:12.809  INFO 60422 --- [           main] trationDelegate$BeanPostProcessorChecker : Bean 'mbeanServer' of type [com.sun.jmx.mbeanserver.JmxMBeanServer] is not eligible for getting processed by all BeanPostProcessors (for example: not eligible for auto-proxying)
2025-11-25 13:10:12.814  INFO 60422 --- [           main] trationDelegate$BeanPostProcessorChecker : Bean 'org.springframework.cloud.autoconfigure.ConfigurationPropertiesRebinderAutoConfiguration' of type [org.springframework.cloud.autoconfigure.ConfigurationPropertiesRebinderAutoConfiguration$$EnhancerBySpringCGLIB$$ee22caba] is not eligible for getting processed by all BeanPostProcessors (for example: not eligible for auto-proxying)
2025-11-25 13:10:12.817  INFO 60423 --- [           main] o.apache.catalina.core.StandardService   : Starting service [Tomcat]
2025-11-25 13:10:12.817  INFO 60423 --- [           main] org.apache.catalina.core.StandardEngine  : Starting Servlet engine: [Apache Tomcat/9.0.19]

  .   ____          _            __ _ _
 /\\ / ___'_ __ _ _(_)_ __  __ _ \ \ \ \
( ( )\___ | '_ | '_| | '_ \/ _` | \ \ \ \
 \\/  ___)| |_)| | | | | || (_| |  ) ) ) )
  '  |____| .__|_| |_|_| |_\__, | / / / /
 =========|_|==============|___/=/_/_/_/
 :: Spring Boot ::        (v2.1.4.RELEASE)

2025-11-25 13:10:12.891  INFO 60421 --- [           main] c.c.i.i.InstaPostServiceApplication      : No active profile set, falling back to default profiles: default
2025-11-25 13:10:12.914  WARN 60416 --- [           main] c.n.c.sources.URLConfigurationSource     : No URLs will be polled as dynamic configuration sources.
2025-11-25 13:10:12.914  INFO 60416 --- [           main] c.n.c.sources.URLConfigurationSource     : To enable URLs as dynamic configuration sources, define System property archaius.configurationSource.additionalUrls or make config.properties available on classpath.
2025-11-25 13:10:12.925  INFO 60416 --- [           main] c.netflix.config.DynamicPropertyFactory  : DynamicPropertyFactory is initialized with configuration sources: com.netflix.config.ConcurrentCompositeConfiguration@1b9a779d
2025-11-25 13:10:12.930  INFO 60423 --- [           main] o.a.c.c.C.[Tomcat].[localhost].[/]       : Initializing Spring embedded WebApplicationContext
2025-11-25 13:10:12.931  INFO 60423 --- [           main] o.s.web.context.ContextLoader            : Root WebApplicationContext: initialization completed in 2610 ms
2025-11-25 13:10:12.943  INFO 60419 --- [           main] o.a.c.c.C.[Tomcat].[localhost].[/]       : Initializing Spring embedded WebApplicationContext
2025-11-25 13:10:12.943  INFO 60419 --- [           main] o.s.web.context.ContextLoader            : Root WebApplicationContext: initialization completed in 2333 ms
2025-11-25 13:10:13.034  INFO 60418 --- [           main] o.s.b.w.embedded.tomcat.TomcatWebServer  : Tomcat initialized with port(s): 8761 (http)
2025-11-25 13:10:13.060  INFO 60418 --- [           main] o.apache.catalina.core.StandardService   : Starting service [Tomcat]
2025-11-25 13:10:13.060  INFO 60418 --- [           main] org.apache.catalina.core.StandardEngine  : Starting Servlet engine: [Apache Tomcat/9.0.17]
2025-11-25 13:10:13.133  INFO 60423 --- [           main] com.datastax.driver.core                 : DataStax Java driver 3.6.0 for Apache Cassandra
2025-11-25 13:10:13.140  INFO 60423 --- [           main] c.d.driver.core.GuavaCompatibility       : Detected Guava >= 19 in the classpath, using modern compatibility layer
2025-11-25 13:10:13.166  INFO 60423 --- [           main] com.datastax.driver.core.Native          : Could not load JNR C Library, native system calls through this library will not be available (set this logger level to DEBUG to see the full stack trace).
2025-11-25 13:10:13.166  INFO 60423 --- [           main] com.datastax.driver.core.ClockFactory    : Using java.lang.System clock to generate timestamps.
2025-11-25 13:10:13.270  INFO 60414 --- [           main] o.s.cloud.context.scope.GenericScope     : BeanFactory id=70f40752-d5e8-336b-a723-4c3ff8330890
2025-11-25 13:10:13.271  INFO 60418 --- [           main] o.a.c.c.C.[Tomcat].[localhost].[/]       : Initializing Spring embedded WebApplicationContext
2025-11-25 13:10:13.271  INFO 60418 --- [           main] o.s.web.context.ContextLoader            : Root WebApplicationContext: initialization completed in 2582 ms
2025-11-25 13:10:13.281  INFO 60414 --- [           main] faultConfiguringBeanFactoryPostProcessor : No bean named 'errorChannel' has been explicitly defined. Therefore, a default PublishSubscribeChannel will be created.
2025-11-25 13:10:13.288  INFO 60414 --- [           main] faultConfiguringBeanFactoryPostProcessor : No bean named 'taskScheduler' has been explicitly defined. Therefore, a default ThreadPoolTaskScheduler will be created.
2025-11-25 13:10:13.293  INFO 60414 --- [           main] faultConfiguringBeanFactoryPostProcessor : No bean named 'integrationHeaderChannelRegistry' has been explicitly defined. Therefore, a default DefaultHeaderChannelRegistry will be created.
2025-11-25 13:10:13.315  INFO 60419 --- [           main] org.mongodb.driver.cluster               : Cluster created with settings {hosts=[localhost:27017], mode=SINGLE, requiredClusterType=UNKNOWN, serverSelectionTimeout='30000 ms', maxWaitQueueSize=500}
2025-11-25 13:10:13.332  INFO 60414 --- [           main] trationDelegate$BeanPostProcessorChecker : Bean 'org.springframework.kafka.annotation.KafkaBootstrapConfiguration' of type [org.springframework.kafka.annotation.KafkaBootstrapConfiguration$$EnhancerBySpringCGLIB$$42243b7d] is not eligible for getting processed by all BeanPostProcessors (for example: not eligible for auto-proxying)
2025-11-25 13:10:13.401  INFO 60419 --- [localhost:27017] org.mongodb.driver.connection            : Opened connection [connectionId{localValue:1}] to localhost:27017
2025-11-25 13:10:13.414  INFO 60419 --- [localhost:27017] org.mongodb.driver.cluster               : Monitor thread successfully connected to server with description ServerDescription{address=localhost:27017, type=STANDALONE, state=CONNECTED, ok=true, version=ServerVersion{versionList=[8, 2, 1]}, minWireVersion=0, maxWireVersion=27, maxDocumentSize=16777216, logicalSessionTimeoutMinutes=30, roundTripTimeNanos=3042208}
2025-11-25 13:10:13.424  INFO 60423 --- [           main] com.datastax.driver.core.NettyUtil       : Did not find Netty's native epoll transport in the classpath, defaulting to NIO.
2025-11-25 13:10:13.425  WARN 60418 --- [           main] c.n.c.sources.URLConfigurationSource     : No URLs will be polled as dynamic configuration sources.
2025-11-25 13:10:13.425  INFO 60418 --- [           main] c.n.c.sources.URLConfigurationSource     : To enable URLs as dynamic configuration sources, define System property archaius.configurationSource.additionalUrls or make config.properties available on classpath.
2025-11-25 13:10:13.436  INFO 60418 --- [           main] c.netflix.config.DynamicPropertyFactory  : DynamicPropertyFactory is initialized with configuration sources: com.netflix.config.ConcurrentCompositeConfiguration@72c47d5c
2025-11-25 13:10:13.534  INFO 60414 --- [           main] trationDelegate$BeanPostProcessorChecker : Bean 'org.springframework.security.config.annotation.configuration.ObjectPostProcessorConfiguration' of type [org.springframework.security.config.annotation.configuration.ObjectPostProcessorConfiguration$$EnhancerBySpringCGLIB$$71ff234] is not eligible for getting processed by all BeanPostProcessors (for example: not eligible for auto-proxying)
2025-11-25 13:10:13.538  INFO 60414 --- [           main] trationDelegate$BeanPostProcessorChecker : Bean 'objectPostProcessor' of type [org.springframework.security.config.annotation.configuration.AutowireBeanFactoryObjectPostProcessor] is not eligible for getting processed by all BeanPostProcessors (for example: not eligible for auto-proxying)
2025-11-25 13:10:13.539  INFO 60414 --- [           main] trationDelegate$BeanPostProcessorChecker : Bean 'org.springframework.security.access.expression.method.DefaultMethodSecurityExpressionHandler@35ef4f4a' of type [org.springframework.security.access.expression.method.DefaultMethodSecurityExpressionHandler] is not eligible for getting processed by all BeanPostProcessors (for example: not eligible for auto-proxying)
2025-11-25 13:10:13.540  INFO 60414 --- [           main] trationDelegate$BeanPostProcessorChecker : Bean 'org.springframework.security.config.annotation.method.configuration.GlobalMethodSecurityConfiguration' of type [org.springframework.security.config.annotation.method.configuration.GlobalMethodSecurityConfiguration$$EnhancerBySpringCGLIB$$2bf494e6] is not eligible for getting processed by all BeanPostProcessors (for example: not eligible for auto-proxying)
2025-11-25 13:10:13.542  INFO 60414 --- [           main] trationDelegate$BeanPostProcessorChecker : Bean 'methodSecurityMetadataSource' of type [org.springframework.security.access.method.DelegatingMethodSecurityMetadataSource] is not eligible for getting processed by all BeanPostProcessors (for example: not eligible for auto-proxying)
2025-11-25 13:10:13.548  INFO 60414 --- [           main] trationDelegate$BeanPostProcessorChecker : Bean 'integrationDisposableAutoCreatedBeans' of type [org.springframework.integration.config.annotation.Disposables] is not eligible for getting processed by all BeanPostProcessors (for example: not eligible for auto-proxying)
2025-11-25 13:10:13.570  INFO 60414 --- [           main] trationDelegate$BeanPostProcessorChecker : Bean 'org.springframework.integration.config.IntegrationManagementConfiguration' of type [org.springframework.integration.config.IntegrationManagementConfiguration$$EnhancerBySpringCGLIB$$d963e529] is not eligible for getting processed by all BeanPostProcessors (for example: not eligible for auto-proxying)
2025-11-25 13:10:13.578  INFO 60414 --- [           main] trationDelegate$BeanPostProcessorChecker : Bean 'org.springframework.boot.autoconfigure.integration.IntegrationAutoConfiguration$IntegrationJmxConfiguration' of type [org.springframework.boot.autoconfigure.integration.IntegrationAutoConfiguration$IntegrationJmxConfiguration$$EnhancerBySpringCGLIB$$b4f5f049] is not eligible for getting processed by all BeanPostProcessors (for example: not eligible for auto-proxying)
2025-11-25 13:10:13.584  INFO 60414 --- [           main] trationDelegate$BeanPostProcessorChecker : Bean 'org.springframework.boot.autoconfigure.jmx.JmxAutoConfiguration' of type [org.springframework.boot.autoconfigure.jmx.JmxAutoConfiguration$$EnhancerBySpringCGLIB$$eddd9916] is not eligible for getting processed by all BeanPostProcessors (for example: not eligible for auto-proxying)
2025-11-25 13:10:13.589  INFO 60414 --- [           main] trationDelegate$BeanPostProcessorChecker : Bean 'mbeanServer' of type [com.sun.jmx.mbeanserver.JmxMBeanServer] is not eligible for getting processed by all BeanPostProcessors (for example: not eligible for auto-proxying)
2025-11-25 13:10:13.628  INFO 60422 --- [           main] o.s.b.w.embedded.tomcat.TomcatWebServer  : Tomcat initialized with port(s): 8002 (http)
2025-11-25 13:10:13.652  INFO 60422 --- [           main] o.apache.catalina.core.StandardService   : Starting service [Tomcat]
2025-11-25 13:10:13.652  INFO 60422 --- [           main] org.apache.catalina.core.StandardEngine  : Starting Servlet engine: [Apache Tomcat/9.0.17]
2025-11-25 13:10:13.684  INFO 60414 --- [           main] trationDelegate$BeanPostProcessorChecker : Bean 'org.springframework.cloud.autoconfigure.ConfigurationPropertiesRebinderAutoConfiguration' of type [org.springframework.cloud.autoconfigure.ConfigurationPropertiesRebinderAutoConfiguration$$EnhancerBySpringCGLIB$$8a8c2cf7] is not eligible for getting processed by all BeanPostProcessors (for example: not eligible for auto-proxying)
2025-11-25 13:10:13.794  WARN 60423 --- [           main] com.datastax.driver.core.Cluster         : You listed localhost/0:0:0:0:0:0:0:1:9042 in your contact points, but it wasn't found in the control host's system.peers at startup
2025-11-25 13:10:13.899  INFO 60423 --- [           main] c.d.d.c.p.DCAwareRoundRobinPolicy        : Using data-center name 'datacenter1' for DCAwareRoundRobinPolicy (if this is incorrect, please provide the correct datacenter name with DCAwareRoundRobinPolicy constructor)
2025-11-25 13:10:13.901  INFO 60423 --- [           main] com.datastax.driver.core.Cluster         : New Cassandra host localhost/127.0.0.1:9042 added
2025-11-25 13:10:13.965  INFO 60422 --- [           main] o.a.c.c.C.[Tomcat].[localhost].[/]       : Initializing Spring embedded WebApplicationContext
2025-11-25 13:10:13.965  INFO 60422 --- [           main] o.s.web.context.ContextLoader            : Root WebApplicationContext: initialization completed in 3319 ms
2025-11-25 13:10:13.996  INFO 60421 --- [           main] .s.d.r.c.RepositoryConfigurationDelegate : Bootstrapping Spring Data repositories in DEFAULT mode.
2025-11-25 13:10:14.284  INFO 60416 --- [           main] .s.s.UserDetailsServiceAutoConfiguration : 

Using generated security password: e26d64ed-154f-4365-9064-421c8c65dcbe

2025-11-25 13:10:14.296  INFO 60421 --- [           main] .s.d.r.c.RepositoryConfigurationDelegate : Finished Spring Data repository scanning in 298ms. Found 4 repository interfaces.
2025-11-25 13:10:14.330  INFO 60419 --- [           main] .s.s.UserDetailsServiceAutoConfiguration : 

Using generated security password: 7ad7932f-7957-424d-88c6-2d05bb521e73

2025-11-25 13:10:14.347  INFO 60422 --- [           main] org.neo4j.ogm.metadata.DomainInfo        : Starting Post-processing phase
2025-11-25 13:10:14.347  INFO 60422 --- [           main] org.neo4j.ogm.metadata.DomainInfo        : Building annotation class map
2025-11-25 13:10:14.348  INFO 60422 --- [           main] org.neo4j.ogm.metadata.DomainInfo        : Building interface class map for 29 classes
2025-11-25 13:10:14.352  INFO 60422 --- [           main] org.neo4j.ogm.metadata.DomainInfo        : Post-processing complete
2025-11-25 13:10:14.395  INFO 60414 --- [           main] o.s.b.w.embedded.tomcat.TomcatWebServer  : Tomcat initialized with port(s): 9000 (http)
2025-11-25 13:10:14.418  INFO 60416 --- [           main] o.s.s.web.DefaultSecurityFilterChain     : Creating filter chain: any request, [org.springframework.security.web.context.request.async.WebAsyncManagerIntegrationFilter@1f1a088a, org.springframework.security.web.context.SecurityContextPersistenceFilter@7104f44, org.springframework.security.web.header.HeaderWriterFilter@2318a4b1, org.springframework.web.filter.CorsFilter@76bce943, org.springframework.security.web.authentication.logout.LogoutFilter@971f328, com.clone.instagram.instaapigateway.config.JwtTokenAuthenticationFilter@773ce8a2, org.springframework.security.web.savedrequest.RequestCacheAwareFilter@7ae2ceb0, org.springframework.security.web.servletapi.SecurityContextHolderAwareRequestFilter@494bca8f, org.springframework.security.web.authentication.AnonymousAuthenticationFilter@2ad8712, org.springframework.security.web.session.SessionManagementFilter@461d0980, org.springframework.security.web.access.ExceptionTranslationFilter@681aeae0, org.springframework.security.web.access.intercept.FilterSecurityInterceptor@57bae855]
2025-11-25 13:10:14.419  INFO 60414 --- [           main] o.apache.catalina.core.StandardService   : Starting service [Tomcat]
2025-11-25 13:10:14.419  INFO 60414 --- [           main] org.apache.catalina.core.StandardEngine  : Starting Servlet engine: [Apache Tomcat/9.0.16]
2025-11-25 13:10:14.430  INFO 60414 --- [           main] o.a.catalina.core.AprLifecycleListener   : The APR based Apache Tomcat Native library which allows optimal performance in production environments was not found on the java.library.path: [/Users/brucezjt/Library/Java/Extensions:/Library/Java/Extensions:/Network/Library/Java/Extensions:/System/Library/Java/Extensions:/usr/lib/java:.]
2025-11-25 13:10:14.438  WARN 60416 --- [           main] c.n.c.sources.URLConfigurationSource     : No URLs will be polled as dynamic configuration sources.
2025-11-25 13:10:14.438  INFO 60416 --- [           main] c.n.c.sources.URLConfigurationSource     : To enable URLs as dynamic configuration sources, define System property archaius.configurationSource.additionalUrls or make config.properties available on classpath.
WARNING: An illegal reflective access operation has occurred
WARNING: Illegal reflective access by org.springframework.util.ReflectionUtils (file:/Users/brucezjt/.m2/repository/org/springframework/spring-core/5.1.6.RELEASE/spring-core-5.1.6.RELEASE.jar) to field java.lang.Throwable.backtrace
WARNING: Please consider reporting this to the maintainers of org.springframework.util.ReflectionUtils
WARNING: Use --illegal-access=warn to enable warnings of further illegal reflective access operations
WARNING: All illegal access operations will be denied in a future release
2025-11-25 13:10:14.469  INFO 60419 --- [           main] o.s.s.web.DefaultSecurityFilterChain     : Creating filter chain: any request, [org.springframework.security.web.context.request.async.WebAsyncManagerIntegrationFilter@f771466, org.springframework.security.web.context.SecurityContextPersistenceFilter@1f03d6cb, org.springframework.security.web.header.HeaderWriterFilter@72fe877d, org.springframework.security.web.authentication.logout.LogoutFilter@519d32, com.clone.instagram.instamediaservice.config.JwtTokenAuthenticationFilter@7384c477, org.springframework.security.web.savedrequest.RequestCacheAwareFilter@e294694, org.springframework.security.web.servletapi.SecurityContextHolderAwareRequestFilter@659c90ae, org.springframework.security.web.authentication.AnonymousAuthenticationFilter@5b641bae, org.springframework.security.web.session.SessionManagementFilter@504cbdde, org.springframework.security.web.access.ExceptionTranslationFilter@4809627b, org.springframework.security.web.access.intercept.FilterSecurityInterceptor@298636eb]
2025-11-25 13:10:14.502  WARN 60422 --- [           main] o.s.d.n.mapping.Neo4jPersistentProperty  : Owning ClassInfo is null for property: org.apache.commons.logging.Log.fatalEnabled
2025-11-25 13:10:14.502  WARN 60422 --- [           main] o.s.d.n.mapping.Neo4jPersistentProperty  : Owning ClassInfo is null for property: org.apache.commons.logging.Log.errorEnabled
2025-11-25 13:10:14.502  WARN 60422 --- [           main] o.s.d.n.mapping.Neo4jPersistentProperty  : Owning ClassInfo is null for property: org.apache.commons.logging.Log.infoEnabled
2025-11-25 13:10:14.502  WARN 60422 --- [           main] o.s.d.n.mapping.Neo4jPersistentProperty  : Owning ClassInfo is null for property: org.apache.commons.logging.Log.debugEnabled
2025-11-25 13:10:14.502  WARN 60422 --- [           main] o.s.d.n.mapping.Neo4jPersistentProperty  : Owning ClassInfo is null for property: org.apache.commons.logging.Log.traceEnabled
2025-11-25 13:10:14.502  WARN 60422 --- [           main] o.s.d.n.mapping.Neo4jPersistentProperty  : Owning ClassInfo is null for property: org.apache.commons.logging.Log.warnEnabled
2025-11-25 13:10:14.504  WARN 60419 --- [           main] c.n.c.sources.URLConfigurationSource     : No URLs will be polled as dynamic configuration sources.
2025-11-25 13:10:14.504  WARN 60422 --- [           main] o.s.d.n.mapping.Neo4jPersistentProperty  : Owning ClassInfo is null for property: org.springframework.core.env.Environment.defaultProfiles
2025-11-25 13:10:14.504  INFO 60419 --- [           main] c.n.c.sources.URLConfigurationSource     : To enable URLs as dynamic configuration sources, define System property archaius.configurationSource.additionalUrls or make config.properties available on classpath.
2025-11-25 13:10:14.504  WARN 60422 --- [           main] o.s.d.n.mapping.Neo4jPersistentProperty  : Owning ClassInfo is null for property: org.springframework.core.env.Environment.activeProfiles
2025-11-25 13:10:14.508  WARN 60419 --- [           main] c.n.c.sources.URLConfigurationSource     : No URLs will be polled as dynamic configuration sources.
2025-11-25 13:10:14.508  INFO 60419 --- [           main] c.n.c.sources.URLConfigurationSource     : To enable URLs as dynamic configuration sources, define System property archaius.configurationSource.additionalUrls or make config.properties available on classpath.
2025-11-25 13:10:14.511  WARN 60422 --- [           main] o.s.d.n.mapping.Neo4jPersistentProperty  : Owning ClassInfo is null for property: javax.servlet.ServletContext.initParameterNames
2025-11-25 13:10:14.512  WARN 60422 --- [           main] o.s.d.n.mapping.Neo4jPersistentProperty  : Owning ClassInfo is null for property: javax.servlet.ServletContext.virtualServerName
2025-11-25 13:10:14.513  WARN 60422 --- [           main] o.s.d.n.mapping.Neo4jPersistentProperty  : Owning ClassInfo is null for property: javax.servlet.ServletContext.classLoader
2025-11-25 13:10:14.517  WARN 60422 --- [           main] o.s.d.n.mapping.Neo4jPersistentProperty  : Owning ClassInfo is null for property: javax.servlet.ServletContext.filterRegistrations
2025-11-25 13:10:14.517  WARN 60422 --- [           main] o.s.d.n.mapping.Neo4jPersistentProperty  : Owning ClassInfo is null for property: javax.servlet.ServletContext.servletNames
2025-11-25 13:10:14.518  WARN 60422 --- [           main] o.s.d.n.mapping.Neo4jPersistentProperty  : Owning ClassInfo is null for property: javax.servlet.ServletContext.sessionTrackingModes
2025-11-25 13:10:14.519  WARN 60422 --- [           main] o.s.d.n.mapping.Neo4jPersistentProperty  : Owning ClassInfo is null for property: javax.servlet.ServletContext.contextPath
2025-11-25 13:10:14.520  WARN 60422 --- [           main] o.s.d.n.mapping.Neo4jPersistentProperty  : Owning ClassInfo is null for property: javax.servlet.ServletContext.defaultSessionTrackingModes
2025-11-25 13:10:14.526  WARN 60422 --- [           main] o.s.d.n.mapping.Neo4jPersistentProperty  : Owning ClassInfo is null for property: javax.servlet.ServletContext.majorVersion
2025-11-25 13:10:14.527  WARN 60422 --- [           main] o.s.d.n.mapping.Neo4jPersistentProperty  : Owning ClassInfo is null for property: javax.servlet.ServletContext.effectiveMinorVersion
2025-11-25 13:10:14.527  WARN 60422 --- [           main] o.s.d.n.mapping.Neo4jPersistentProperty  : Owning ClassInfo is null for property: javax.servlet.ServletContext.sessionCookieConfig
2025-11-25 13:10:14.528  WARN 60422 --- [           main] o.s.d.n.mapping.Neo4jPersistentProperty  : Owning ClassInfo is null for property: javax.servlet.ServletContext.effectiveSessionTrackingModes
2025-11-25 13:10:14.529  WARN 60422 --- [           main] o.s.d.n.mapping.Neo4jPersistentProperty  : Owning ClassInfo is null for property: javax.servlet.ServletContext.attributeNames
2025-11-25 13:10:14.529  WARN 60422 --- [           main] o.s.d.n.mapping.Neo4jPersistentProperty  : Owning ClassInfo is null for property: javax.servlet.ServletContext.serverInfo
2025-11-25 13:10:14.529  WARN 60422 --- [           main] o.s.d.n.mapping.Neo4jPersistentProperty  : Owning ClassInfo is null for property: javax.servlet.ServletContext.servletRegistrations
2025-11-25 13:10:14.530  WARN 60422 --- [           main] o.s.d.n.mapping.Neo4jPersistentProperty  : Owning ClassInfo is null for property: javax.servlet.ServletContext.jspConfigDescriptor
2025-11-25 13:10:14.530  WARN 60422 --- [           main] o.s.d.n.mapping.Neo4jPersistentProperty  : Owning ClassInfo is null for property: javax.servlet.ServletContext.servlets
2025-11-25 13:10:14.531  WARN 60422 --- [           main] o.s.d.n.mapping.Neo4jPersistentProperty  : Owning ClassInfo is null for property: javax.servlet.ServletContext.requestCharacterEncoding
2025-11-25 13:10:14.531  WARN 60422 --- [           main] o.s.d.n.mapping.Neo4jPersistentProperty  : Owning ClassInfo is null for property: javax.servlet.ServletContext.responseCharacterEncoding
2025-11-25 13:10:14.531  WARN 60422 --- [           main] o.s.d.n.mapping.Neo4jPersistentProperty  : Owning ClassInfo is null for property: javax.servlet.ServletContext.sessionTimeout
2025-11-25 13:10:14.531  WARN 60422 --- [           main] o.s.d.n.mapping.Neo4jPersistentProperty  : Owning ClassInfo is null for property: javax.servlet.ServletContext.minorVersion
2025-11-25 13:10:14.531  WARN 60422 --- [           main] o.s.d.n.mapping.Neo4jPersistentProperty  : Owning ClassInfo is null for property: javax.servlet.ServletContext.servletContextName
2025-11-25 13:10:14.531  WARN 60422 --- [           main] o.s.d.n.mapping.Neo4jPersistentProperty  : Owning ClassInfo is null for property: javax.servlet.ServletContext.effectiveMajorVersion
2025-11-25 13:10:14.533  WARN 60422 --- [           main] o.s.d.n.mapping.Neo4jPersistentProperty  : Owning ClassInfo is null for property: javax.servlet.FilterConfig.initParameterNames
2025-11-25 13:10:14.534  WARN 60422 --- [           main] o.s.d.n.mapping.Neo4jPersistentProperty  : Owning ClassInfo is null for property: javax.servlet.FilterConfig.servletContext
2025-11-25 13:10:14.534  WARN 60422 --- [           main] o.s.d.n.mapping.Neo4jPersistentProperty  : Owning ClassInfo is null for property: javax.servlet.FilterConfig.filterName
2025-11-25 13:10:14.594  WARN 60422 --- [           main] o.s.d.n.mapping.Neo4jPersistentProperty  : Owning ClassInfo is null for property: org.springframework.context.ApplicationContext.parent
2025-11-25 13:10:14.595  WARN 60422 --- [           main] o.s.d.n.mapping.Neo4jPersistentProperty  : Owning ClassInfo is null for property: org.springframework.context.ApplicationContext.environment
2025-11-25 13:10:14.595  WARN 60422 --- [           main] o.s.d.n.mapping.Neo4jPersistentProperty  : Owning ClassInfo is null for property: org.springframework.context.ApplicationContext.classLoader
2025-11-25 13:10:14.595  WARN 60422 --- [           main] o.s.d.n.mapping.Neo4jPersistentProperty  : Owning ClassInfo is null for property: org.springframework.context.ApplicationContext.displayName
2025-11-25 13:10:14.595  WARN 60422 --- [           main] o.s.d.n.mapping.Neo4jPersistentProperty  : Owning ClassInfo is null for property: org.springframework.context.ApplicationContext.startupDate
2025-11-25 13:10:14.596  WARN 60422 --- [           main] o.s.d.n.mapping.Neo4jPersistentProperty  : Owning ClassInfo is null for property: org.springframework.context.ApplicationContext.beanDefinitionCount
2025-11-25 13:10:14.597  WARN 60422 --- [           main] o.s.d.n.mapping.Neo4jPersistentProperty  : Owning ClassInfo is null for property: org.springframework.context.ApplicationContext.autowireCapableBeanFactory
2025-11-25 13:10:14.597  WARN 60422 --- [           main] o.s.d.n.mapping.Neo4jPersistentProperty  : Owning ClassInfo is null for property: org.springframework.context.ApplicationContext.beanDefinitionNames
2025-11-25 13:10:14.597  WARN 60422 --- [           main] o.s.d.n.mapping.Neo4jPersistentProperty  : Owning ClassInfo is null for property: org.springframework.context.ApplicationContext.parentBeanFactory
2025-11-25 13:10:14.597  WARN 60422 --- [           main] o.s.d.n.mapping.Neo4jPersistentProperty  : Owning ClassInfo is null for property: org.springframework.context.ApplicationContext.id
2025-11-25 13:10:14.597  WARN 60422 --- [           main] o.s.d.n.mapping.Neo4jPersistentProperty  : Owning ClassInfo is null for property: org.springframework.context.ApplicationContext.applicationName
2025-11-25 13:10:14.600  INFO 60422 --- [           main] o.s.d.neo4j.mapping.Neo4jMappingContext  : No class information found in OGM meta-data for class org.springframework.security.config.annotation.authentication.configuration.AuthenticationConfiguration so treating as simple type for SD Commons
2025-11-25 13:10:14.600  INFO 60422 --- [           main] o.s.d.neo4j.mapping.Neo4jMappingContext  : No class information found in OGM meta-data for class org.springframework.security.config.annotation.authentication.builders.AuthenticationManagerBuilder so treating as simple type for SD Commons
2025-11-25 13:10:14.602  INFO 60422 --- [           main] o.s.d.neo4j.mapping.Neo4jMappingContext  : No class information found in OGM meta-data for class org.springframework.security.config.annotation.web.builders.HttpSecurity so treating as simple type for SD Commons
2025-11-25 13:10:14.611  INFO 60422 --- [           main] o.s.d.neo4j.mapping.Neo4jMappingContext  : Neo4jMappingContext initialisation completed
2025-11-25 13:10:14.615  INFO 60414 --- [           main] o.a.c.c.C.[Tomcat].[localhost].[/]       : Initializing Spring embedded WebApplicationContext
2025-11-25 13:10:14.615  INFO 60414 --- [           main] o.s.web.context.ContextLoader            : Root WebApplicationContext: initialization completed in 2941 ms
2025-11-25 13:10:14.657  INFO 60418 --- [           main] c.s.j.s.i.a.WebApplicationImpl           : Initiating Jersey application, version 'Jersey: 1.19.1 03/11/2016 02:08 PM'
2025-11-25 13:10:14.687  INFO 60416 --- [           main] o.s.s.concurrent.ThreadPoolTaskExecutor  : Initializing ExecutorService 'applicationTaskExecutor'
2025-11-25 13:10:14.760  INFO 60418 --- [           main] c.n.d.provider.DiscoveryJerseyProvider   : Using JSON encoding codec LegacyJacksonJson
2025-11-25 13:10:14.760  INFO 60418 --- [           main] c.n.d.provider.DiscoveryJerseyProvider   : Using JSON decoding codec LegacyJacksonJson
2025-11-25 13:10:14.777  INFO 60419 --- [           main] o.s.s.concurrent.ThreadPoolTaskExecutor  : Initializing ExecutorService 'applicationTaskExecutor'
2025-11-25 13:10:14.934  INFO 60421 --- [           main] o.s.cloud.context.scope.GenericScope     : BeanFactory id=e492ee33-6edb-33b0-bd08-7dc6e4f063c6
2025-11-25 13:10:14.938  INFO 60421 --- [           main] faultConfiguringBeanFactoryPostProcessor : No bean named 'errorChannel' has been explicitly defined. Therefore, a default PublishSubscribeChannel will be created.
2025-11-25 13:10:14.942  INFO 60422 --- [           main] .s.s.UserDetailsServiceAutoConfiguration : 

Using generated security password: 1547787d-b61c-4965-b41a-d60b0ffd851c

2025-11-25 13:10:14.944  INFO 60421 --- [           main] faultConfiguringBeanFactoryPostProcessor : No bean named 'taskScheduler' has been explicitly defined. Therefore, a default ThreadPoolTaskScheduler will be created.
2025-11-25 13:10:14.947  INFO 60421 --- [           main] faultConfiguringBeanFactoryPostProcessor : No bean named 'integrationHeaderChannelRegistry' has been explicitly defined. Therefore, a default DefaultHeaderChannelRegistry will be created.
2025-11-25 13:10:14.977  INFO 60423 --- [           main] o.s.s.c.ThreadPoolTaskScheduler          : Initializing ExecutorService 'taskScheduler'
WARNING: An illegal reflective access operation has occurred
WARNING: Illegal reflective access by com.thoughtworks.xstream.core.util.Fields (file:/Users/brucezjt/.m2/repository/com/thoughtworks/xstream/xstream/1.4.10/xstream-1.4.10.jar) to field java.util.TreeMap.comparator
WARNING: Please consider reporting this to the maintainers of com.thoughtworks.xstream.core.util.Fields
WARNING: Use --illegal-access=warn to enable warnings of further illegal reflective access operations
WARNING: All illegal access operations will be denied in a future release
2025-11-25 13:10:15.025  INFO 60421 --- [           main] trationDelegate$BeanPostProcessorChecker : Bean 'org.springframework.kafka.annotation.KafkaBootstrapConfiguration' of type [org.springframework.kafka.annotation.KafkaBootstrapConfiguration$$EnhancerBySpringCGLIB$$513126eb] is not eligible for getting processed by all BeanPostProcessors (for example: not eligible for auto-proxying)
2025-11-25 13:10:15.118  INFO 60418 --- [           main] c.n.d.provider.DiscoveryJerseyProvider   : Using XML encoding codec XStreamXml
2025-11-25 13:10:15.118  INFO 60418 --- [           main] c.n.d.provider.DiscoveryJerseyProvider   : Using XML decoding codec XStreamXml
2025-11-25 13:10:15.188  INFO 60422 --- [           main] o.s.s.web.DefaultSecurityFilterChain     : Creating filter chain: any request, [org.springframework.security.web.context.request.async.WebAsyncManagerIntegrationFilter@345fb6d5, org.springframework.security.web.context.SecurityContextPersistenceFilter@43346322, org.springframework.security.web.header.HeaderWriterFilter@4657c8c4, org.springframework.security.web.authentication.logout.LogoutFilter@49d29a8, com.clone.instagram.instagraphservice.config.JwtTokenAuthenticationFilter@33a2bfb3, org.springframework.security.web.savedrequest.RequestCacheAwareFilter@6314f5a7, org.springframework.security.web.servletapi.SecurityContextHolderAwareRequestFilter@71b64cb4, org.springframework.security.web.authentication.AnonymousAuthenticationFilter@2b61802, org.springframework.security.web.session.SessionManagementFilter@1e03b102, org.springframework.security.web.access.ExceptionTranslationFilter@2eabf943, org.springframework.security.web.access.intercept.FilterSecurityInterceptor@2e023596]
2025-11-25 13:10:15.244  INFO 60421 --- [           main] trationDelegate$BeanPostProcessorChecker : Bean 'integrationDisposableAutoCreatedBeans' of type [org.springframework.integration.config.annotation.Disposables] is not eligible for getting processed by all BeanPostProcessors (for example: not eligible for auto-proxying)
2025-11-25 13:10:15.474  INFO 60421 --- [           main] trationDelegate$BeanPostProcessorChecker : Bean 'org.springframework.integration.config.IntegrationManagementConfiguration' of type [org.springframework.integration.config.IntegrationManagementConfiguration$$EnhancerBySpringCGLIB$$e870d097] is not eligible for getting processed by all BeanPostProcessors (for example: not eligible for auto-proxying)
2025-11-25 13:10:15.484  INFO 60421 --- [           main] trationDelegate$BeanPostProcessorChecker : Bean 'org.springframework.boot.autoconfigure.integration.IntegrationAutoConfiguration$IntegrationJmxConfiguration' of type [org.springframework.boot.autoconfigure.integration.IntegrationAutoConfiguration$IntegrationJmxConfiguration$$EnhancerBySpringCGLIB$$c402dbb7] is not eligible for getting processed by all BeanPostProcessors (for example: not eligible for auto-proxying)
2025-11-25 13:10:15.494  INFO 60421 --- [           main] trationDelegate$BeanPostProcessorChecker : Bean 'org.springframework.boot.autoconfigure.jmx.JmxAutoConfiguration' of type [org.springframework.boot.autoconfigure.jmx.JmxAutoConfiguration$$EnhancerBySpringCGLIB$$fcea8484] is not eligible for getting processed by all BeanPostProcessors (for example: not eligible for auto-proxying)
2025-11-25 13:10:15.502  INFO 60421 --- [           main] trationDelegate$BeanPostProcessorChecker : Bean 'mbeanServer' of type [com.sun.jmx.mbeanserver.JmxMBeanServer] is not eligible for getting processed by all BeanPostProcessors (for example: not eligible for auto-proxying)
2025-11-25 13:10:15.511  INFO 60421 --- [           main] trationDelegate$BeanPostProcessorChecker : Bean 'org.springframework.cloud.autoconfigure.ConfigurationPropertiesRebinderAutoConfiguration' of type [org.springframework.cloud.autoconfigure.ConfigurationPropertiesRebinderAutoConfiguration$$EnhancerBySpringCGLIB$$99991865] is not eligible for getting processed by all BeanPostProcessors (for example: not eligible for auto-proxying)
2025-11-25 13:10:15.513  INFO 60414 --- [           main] org.mongodb.driver.cluster               : Cluster created with settings {hosts=[localhost:27017], mode=SINGLE, requiredClusterType=UNKNOWN, serverSelectionTimeout='30000 ms', maxWaitQueueSize=500}
2025-11-25 13:10:15.545  INFO 60416 --- [           main] o.s.b.a.e.web.EndpointLinksResolver      : Exposing 2 endpoint(s) beneath base path '/actuator'
2025-11-25 13:10:15.557  INFO 60423 --- [           main] .s.s.UserDetailsServiceAutoConfiguration : 

Using generated security password: 32fa23f1-fa24-4c4b-90ed-06cfd6101cb3

2025-11-25 13:10:15.614  INFO 60414 --- [localhost:27017] org.mongodb.driver.connection            : Opened connection [connectionId{localValue:1}] to localhost:27017
2025-11-25 13:10:15.620  INFO 60414 --- [localhost:27017] org.mongodb.driver.cluster               : Monitor thread successfully connected to server with description ServerDescription{address=localhost:27017, type=STANDALONE, state=CONNECTED, ok=true, version=ServerVersion{versionList=[8, 2, 1]}, minWireVersion=0, maxWireVersion=27, maxDocumentSize=16777216, logicalSessionTimeoutMinutes=30, roundTripTimeNanos=2662416}
2025-11-25 13:10:15.644  INFO 60423 --- [           main] o.s.s.web.DefaultSecurityFilterChain     : Creating filter chain: any request, [org.springframework.security.web.context.request.async.WebAsyncManagerIntegrationFilter@675e2955, org.springframework.security.web.context.SecurityContextPersistenceFilter@16fe8e5a, org.springframework.security.web.header.HeaderWriterFilter@55291818, org.springframework.security.web.authentication.logout.LogoutFilter@4265a081, com.clone.instagram.instafeedservice.config.JwtTokenAuthenticationFilter@4092276a, org.springframework.security.web.savedrequest.RequestCacheAwareFilter@6227eafa, org.springframework.security.web.servletapi.SecurityContextHolderAwareRequestFilter@21b7bd28, org.springframework.security.web.authentication.AnonymousAuthenticationFilter@76541bf5, org.springframework.security.web.session.SessionManagementFilter@380a7299, org.springframework.security.web.access.ExceptionTranslationFilter@3ed8d621, org.springframework.security.web.access.intercept.FilterSecurityInterceptor@67616267]
2025-11-25 13:10:15.746  INFO 60419 --- [           main] o.s.c.n.eureka.InstanceInfoFactory       : Setting initial instance status as: STARTING
2025-11-25 13:10:15.773  INFO 60419 --- [           main] com.netflix.discovery.DiscoveryClient    : Initializing Eureka in region us-east-1
2025-11-25 13:10:15.873  WARN 60422 --- [           main] c.n.c.sources.URLConfigurationSource     : No URLs will be polled as dynamic configuration sources.
2025-11-25 13:10:15.873  INFO 60422 --- [           main] c.n.c.sources.URLConfigurationSource     : To enable URLs as dynamic configuration sources, define System property archaius.configurationSource.additionalUrls or make config.properties available on classpath.
2025-11-25 13:10:15.875  WARN 60422 --- [           main] c.n.c.sources.URLConfigurationSource     : No URLs will be polled as dynamic configuration sources.
2025-11-25 13:10:15.875  INFO 60422 --- [           main] c.n.c.sources.URLConfigurationSource     : To enable URLs as dynamic configuration sources, define System property archaius.configurationSource.additionalUrls or make config.properties available on classpath.
2025-11-25 13:10:15.876  WARN 60418 --- [           main] c.n.c.sources.URLConfigurationSource     : No URLs will be polled as dynamic configuration sources.
2025-11-25 13:10:15.877  INFO 60418 --- [           main] c.n.c.sources.URLConfigurationSource     : To enable URLs as dynamic configuration sources, define System property archaius.configurationSource.additionalUrls or make config.properties available on classpath.
2025-11-25 13:10:15.887  INFO 60419 --- [           main] c.n.d.provider.DiscoveryJerseyProvider   : Using JSON encoding codec LegacyJacksonJson
2025-11-25 13:10:15.887  INFO 60419 --- [           main] c.n.d.provider.DiscoveryJerseyProvider   : Using JSON decoding codec LegacyJacksonJson
2025-11-25 13:10:15.906  WARN 60423 --- [           main] c.n.c.sources.URLConfigurationSource     : No URLs will be polled as dynamic configuration sources.
2025-11-25 13:10:15.906  INFO 60423 --- [           main] c.n.c.sources.URLConfigurationSource     : To enable URLs as dynamic configuration sources, define System property archaius.configurationSource.additionalUrls or make config.properties available on classpath.
2025-11-25 13:10:15.912  WARN 60423 --- [           main] c.n.c.sources.URLConfigurationSource     : No URLs will be polled as dynamic configuration sources.
2025-11-25 13:10:15.912  INFO 60423 --- [           main] c.n.c.sources.URLConfigurationSource     : To enable URLs as dynamic configuration sources, define System property archaius.configurationSource.additionalUrls or make config.properties available on classpath.
2025-11-25 13:10:16.069  INFO 60418 --- [           main] o.s.s.concurrent.ThreadPoolTaskExecutor  : Initializing ExecutorService 'applicationTaskExecutor'
2025-11-25 13:10:16.187  INFO 60416 --- [           main] o.s.c.n.zuul.ZuulFilterInitializer       : Starting filter initializer
WARNING: An illegal reflective access operation has occurred
WARNING: Illegal reflective access by com.thoughtworks.xstream.core.util.Fields (file:/Users/brucezjt/.m2/repository/com/thoughtworks/xstream/xstream/1.4.10/xstream-1.4.10.jar) to field java.util.TreeMap.comparator
WARNING: Please consider reporting this to the maintainers of com.thoughtworks.xstream.core.util.Fields
WARNING: Use --illegal-access=warn to enable warnings of further illegal reflective access operations
WARNING: All illegal access operations will be denied in a future release
2025-11-25 13:10:16.292  INFO 60422 --- [           main] o.s.s.concurrent.ThreadPoolTaskExecutor  : Initializing ExecutorService 'applicationTaskExecutor'
2025-11-25 13:10:16.335  INFO 60423 --- [           main] o.s.s.concurrent.ThreadPoolTaskExecutor  : Initializing ExecutorService 'applicationTaskExecutor'
2025-11-25 13:10:16.394  INFO 60416 --- [           main] o.s.c.n.eureka.InstanceInfoFactory       : Setting initial instance status as: STARTING
2025-11-25 13:10:16.407  WARN 60422 --- [           main] ebConfiguration$Neo4jWebMvcConfiguration : spring.data.neo4j.open-in-view is enabled by default.Therefore, database queries may be performed during view rendering. Explicitly configure spring.data.neo4j.open-in-view to disable this warning
2025-11-25 13:10:16.432  INFO 60419 --- [           main] c.n.d.provider.DiscoveryJerseyProvider   : Using XML encoding codec XStreamXml
2025-11-25 13:10:16.435  INFO 60419 --- [           main] c.n.d.provider.DiscoveryJerseyProvider   : Using XML decoding codec XStreamXml
2025-11-25 13:10:16.440  INFO 60416 --- [           main] com.netflix.discovery.DiscoveryClient    : Initializing Eureka in region us-east-1
2025-11-25 13:10:16.581  INFO 60421 --- [           main] o.s.b.w.embedded.tomcat.TomcatWebServer  : Tomcat initialized with port(s): 8001 (http)
2025-11-25 13:10:16.687  INFO 60421 --- [           main] o.apache.catalina.core.StandardService   : Starting service [Tomcat]
2025-11-25 13:10:16.687  INFO 60421 --- [           main] org.apache.catalina.core.StandardEngine  : Starting Servlet engine: [Apache Tomcat/9.0.17]
2025-11-25 13:10:16.710  INFO 60416 --- [           main] c.n.d.provider.DiscoveryJerseyProvider   : Using JSON encoding codec LegacyJacksonJson
2025-11-25 13:10:16.716  INFO 60416 --- [           main] c.n.d.provider.DiscoveryJerseyProvider   : Using JSON decoding codec LegacyJacksonJson
2025-11-25 13:10:16.802  INFO 60422 --- [           main] .s.d.n.c.MetaDataDrivenConversionService : Not adding Spring-compatible converter for class org.neo4j.ogm.typeconversion.EnumStringConverter because one that does the same job has already been registered with the ConversionService.
2025-11-25 13:10:16.829  INFO 60419 --- [           main] c.n.d.s.r.aws.ConfigClusterResolver      : Resolving eureka endpoints via configuration
2025-11-25 13:10:16.950  INFO 60419 --- [           main] com.netflix.discovery.DiscoveryClient    : Disable delta property : false
2025-11-25 13:10:16.950  INFO 60419 --- [           main] com.netflix.discovery.DiscoveryClient    : Single vip registry refresh property : null
2025-11-25 13:10:16.950  INFO 60419 --- [           main] com.netflix.discovery.DiscoveryClient    : Force full registry fetch : false
2025-11-25 13:10:16.950  INFO 60419 --- [           main] com.netflix.discovery.DiscoveryClient    : Application is null : false
2025-11-25 13:10:16.950  INFO 60419 --- [           main] com.netflix.discovery.DiscoveryClient    : Registered Applications size is zero : true
2025-11-25 13:10:16.950  INFO 60419 --- [           main] com.netflix.discovery.DiscoveryClient    : Application version is -1: true
2025-11-25 13:10:16.950  INFO 60419 --- [           main] com.netflix.discovery.DiscoveryClient    : Getting all instance registry info from the eureka server
2025-11-25 13:10:17.050  INFO 60421 --- [           main] o.a.c.c.C.[Tomcat].[localhost].[/]       : Initializing Spring embedded WebApplicationContext
2025-11-25 13:10:17.050  INFO 60421 --- [           main] o.s.web.context.ContextLoader            : Root WebApplicationContext: initialization completed in 4098 ms
WARNING: An illegal reflective access operation has occurred
WARNING: Illegal reflective access by com.thoughtworks.xstream.core.util.Fields (file:/Users/brucezjt/.m2/repository/com/thoughtworks/xstream/xstream/1.4.10/xstream-1.4.10.jar) to field java.util.TreeMap.comparator
WARNING: Please consider reporting this to the maintainers of com.thoughtworks.xstream.core.util.Fields
WARNING: Use --illegal-access=warn to enable warnings of further illegal reflective access operations
WARNING: All illegal access operations will be denied in a future release
2025-11-25 13:10:17.319  INFO 60416 --- [           main] c.n.d.provider.DiscoveryJerseyProvider   : Using XML encoding codec XStreamXml
2025-11-25 13:10:17.319  INFO 60416 --- [           main] c.n.d.provider.DiscoveryJerseyProvider   : Using XML decoding codec XStreamXml
2025-11-25 13:10:17.775  INFO 60418 --- [           main] o.s.c.n.eureka.InstanceInfoFactory       : Setting initial instance status as: STARTING
2025-11-25 13:10:17.800  INFO 60418 --- [           main] com.netflix.discovery.DiscoveryClient    : Initializing Eureka in region us-east-1
2025-11-25 13:10:17.800  INFO 60418 --- [           main] com.netflix.discovery.DiscoveryClient    : Client configured to neither register nor query for data.
2025-11-25 13:10:17.814  INFO 60419 --- [           main] com.netflix.discovery.DiscoveryClient    : The response status is 200
2025-11-25 13:10:17.817  INFO 60419 --- [           main] com.netflix.discovery.DiscoveryClient    : Starting heartbeat executor: renew interval is: 30
2025-11-25 13:10:17.819  INFO 60419 --- [           main] c.n.discovery.InstanceInfoReplicator     : InstanceInfoReplicator onDemand update allowed rate per min is 4
2025-11-25 13:10:17.822  INFO 60419 --- [           main] com.netflix.discovery.DiscoveryClient    : Discovery Client initialized at timestamp 1764105017821 with initial instances count: 6
2025-11-25 13:10:17.824  INFO 60419 --- [           main] o.s.c.n.e.s.EurekaServiceRegistry        : Registering application INSTA-MEDIA with eureka with status UP
2025-11-25 13:10:17.824  INFO 60419 --- [           main] com.netflix.discovery.DiscoveryClient    : Saw local status change event StatusChangeEvent [timestamp=1764105017824, current=UP, previous=STARTING]
2025-11-25 13:10:17.837  INFO 60419 --- [nfoReplicator-0] com.netflix.discovery.DiscoveryClient    : DiscoveryClient_INSTA-MEDIA/10.242.199.35:insta-media:8000: registering service...
2025-11-25 13:10:17.910 ERROR 60419 --- [           main] org.apache.catalina.util.LifecycleBase   : Failed to start component [Connector[HTTP/1.1-8000]]

org.apache.catalina.LifecycleException: Protocol handler start failed
	at org.apache.catalina.connector.Connector.startInternal(Connector.java:1008) ~[tomcat-embed-core-9.0.17.jar:9.0.17]
	at org.apache.catalina.util.LifecycleBase.start(LifecycleBase.java:183) ~[tomcat-embed-core-9.0.17.jar:9.0.17]
	at org.apache.catalina.core.StandardService.addConnector(StandardService.java:226) ~[tomcat-embed-core-9.0.17.jar:9.0.17]
	at org.springframework.boot.web.embedded.tomcat.TomcatWebServer.addPreviouslyRemovedConnectors(TomcatWebServer.java:259) ~[spring-boot-2.1.4.RELEASE.jar:2.1.4.RELEASE]
	at org.springframework.boot.web.embedded.tomcat.TomcatWebServer.start(TomcatWebServer.java:197) ~[spring-boot-2.1.4.RELEASE.jar:2.1.4.RELEASE]
	at org.springframework.boot.web.servlet.context.ServletWebServerApplicationContext.startWebServer(ServletWebServerApplicationContext.java:311) ~[spring-boot-2.1.4.RELEASE.jar:2.1.4.RELEASE]
	at org.springframework.boot.web.servlet.context.ServletWebServerApplicationContext.finishRefresh(ServletWebServerApplicationContext.java:164) ~[spring-boot-2.1.4.RELEASE.jar:2.1.4.RELEASE]
	at org.springframework.context.support.AbstractApplicationContext.refresh(AbstractApplicationContext.java:552) ~[spring-context-5.1.6.RELEASE.jar:5.1.6.RELEASE]
	at org.springframework.boot.web.servlet.context.ServletWebServerApplicationContext.refresh(ServletWebServerApplicationContext.java:142) ~[spring-boot-2.1.4.RELEASE.jar:2.1.4.RELEASE]
	at org.springframework.boot.SpringApplication.refresh(SpringApplication.java:775) ~[spring-boot-2.1.4.RELEASE.jar:2.1.4.RELEASE]
	at org.springframework.boot.SpringApplication.refreshContext(SpringApplication.java:397) ~[spring-boot-2.1.4.RELEASE.jar:2.1.4.RELEASE]
	at org.springframework.boot.SpringApplication.run(SpringApplication.java:316) ~[spring-boot-2.1.4.RELEASE.jar:2.1.4.RELEASE]
	at org.springframework.boot.SpringApplication.run(SpringApplication.java:1260) ~[spring-boot-2.1.4.RELEASE.jar:2.1.4.RELEASE]
	at org.springframework.boot.SpringApplication.run(SpringApplication.java:1248) ~[spring-boot-2.1.4.RELEASE.jar:2.1.4.RELEASE]
	at com.clone.instagram.instamediaservice.InstaMediaServiceApplication.main(InstaMediaServiceApplication.java:14) ~[classes/:na]
	at java.base/jdk.internal.reflect.NativeMethodAccessorImpl.invoke0(Native Method) ~[na:na]
	at java.base/jdk.internal.reflect.NativeMethodAccessorImpl.invoke(NativeMethodAccessorImpl.java:62) ~[na:na]
	at java.base/jdk.internal.reflect.DelegatingMethodAccessorImpl.invoke(DelegatingMethodAccessorImpl.java:43) ~[na:na]
	at java.base/java.lang.reflect.Method.invoke(Method.java:566) ~[na:na]
	at org.springframework.boot.maven.AbstractRunMojo$LaunchRunner.run(AbstractRunMojo.java:558) ~[na:na]
	at java.base/java.lang.Thread.run(Thread.java:829) ~[na:na]
Caused by: java.net.BindException: Address already in use
	at java.base/sun.nio.ch.Net.bind0(Native Method) ~[na:na]
	at java.base/sun.nio.ch.Net.bind(Net.java:459) ~[na:na]
	at java.base/sun.nio.ch.Net.bind(Net.java:448) ~[na:na]
	at java.base/sun.nio.ch.ServerSocketChannelImpl.bind(ServerSocketChannelImpl.java:227) ~[na:na]
	at java.base/sun.nio.ch.ServerSocketAdaptor.bind(ServerSocketAdaptor.java:80) ~[na:na]
	at org.apache.tomcat.util.net.NioEndpoint.initServerSocket(NioEndpoint.java:236) ~[tomcat-embed-core-9.0.17.jar:9.0.17]
	at org.apache.tomcat.util.net.NioEndpoint.bind(NioEndpoint.java:210) ~[tomcat-embed-core-9.0.17.jar:9.0.17]
	at org.apache.tomcat.util.net.AbstractEndpoint.bindWithCleanup(AbstractEndpoint.java:1103) ~[tomcat-embed-core-9.0.17.jar:9.0.17]
	at org.apache.tomcat.util.net.AbstractEndpoint.start(AbstractEndpoint.java:1189) ~[tomcat-embed-core-9.0.17.jar:9.0.17]
	at org.apache.coyote.AbstractProtocol.start(AbstractProtocol.java:568) ~[tomcat-embed-core-9.0.17.jar:9.0.17]
	at org.apache.catalina.connector.Connector.startInternal(Connector.java:1005) ~[tomcat-embed-core-9.0.17.jar:9.0.17]
	... 20 common frames omitted

2025-11-25 13:10:17.926  INFO 60419 --- [           main] o.apache.catalina.core.StandardService   : Stopping service [Tomcat]
2025-11-25 13:10:17.941  INFO 60419 --- [nfoReplicator-0] com.netflix.discovery.DiscoveryClient    : DiscoveryClient_INSTA-MEDIA/10.242.199.35:insta-media:8000 - registration status: 204
2025-11-25 13:10:17.944  INFO 60419 --- [           main] ConditionEvaluationReportLoggingListener : 

Error starting ApplicationContext. To display the conditions report re-run your application with 'debug' enabled.
2025-11-25 13:10:17.945  INFO 60419 --- [           main] o.s.c.n.e.s.EurekaServiceRegistry        : Unregistering application INSTA-MEDIA with eureka with status DOWN
2025-11-25 13:10:17.945  WARN 60419 --- [           main] com.netflix.discovery.DiscoveryClient    : Saw local status change event StatusChangeEvent [timestamp=1764105017945, current=DOWN, previous=UP]
2025-11-25 13:10:17.945  INFO 60419 --- [nfoReplicator-0] com.netflix.discovery.DiscoveryClient    : DiscoveryClient_INSTA-MEDIA/10.242.199.35:insta-media:8000: registering service...
2025-11-25 13:10:17.954  INFO 60419 --- [           main] o.s.s.concurrent.ThreadPoolTaskExecutor  : Shutting down ExecutorService 'applicationTaskExecutor'
2025-11-25 13:10:17.954  INFO 60419 --- [nfoReplicator-0] com.netflix.discovery.DiscoveryClient    : DiscoveryClient_INSTA-MEDIA/10.242.199.35:insta-media:8000 - registration status: 204
2025-11-25 13:10:17.958  INFO 60419 --- [           main] com.netflix.discovery.DiscoveryClient    : Shutting down DiscoveryClient ...
2025-11-25 13:10:18.028  INFO 60418 --- [           main] com.netflix.discovery.DiscoveryClient    : Discovery Client initialized at timestamp 1764105018023 with initial instances count: 0
2025-11-25 13:10:18.120  INFO 60418 --- [           main] c.n.eureka.DefaultEurekaServerContext    : Initializing ...
2025-11-25 13:10:18.122  INFO 60418 --- [           main] c.n.eureka.cluster.PeerEurekaNodes       : Adding new peer nodes [http://localhost:8761/eureka/]
2025-11-25 13:10:18.130  INFO 60416 --- [           main] c.n.d.s.r.aws.ConfigClusterResolver      : Resolving eureka endpoints via configuration
2025-11-25 13:10:18.148  INFO 60416 --- [           main] com.netflix.discovery.DiscoveryClient    : Disable delta property : false
2025-11-25 13:10:18.148  INFO 60416 --- [           main] com.netflix.discovery.DiscoveryClient    : Single vip registry refresh property : null
2025-11-25 13:10:18.148  INFO 60416 --- [           main] com.netflix.discovery.DiscoveryClient    : Force full registry fetch : false
2025-11-25 13:10:18.148  INFO 60416 --- [           main] com.netflix.discovery.DiscoveryClient    : Application is null : false
2025-11-25 13:10:18.148  INFO 60416 --- [           main] com.netflix.discovery.DiscoveryClient    : Registered Applications size is zero : true
2025-11-25 13:10:18.148  INFO 60416 --- [           main] com.netflix.discovery.DiscoveryClient    : Application version is -1: true
2025-11-25 13:10:18.148  INFO 60416 --- [           main] com.netflix.discovery.DiscoveryClient    : Getting all instance registry info from the eureka server
2025-11-25 13:10:18.277  INFO 60414 --- [           main] o.s.s.web.DefaultSecurityFilterChain     : Creating filter chain: any request, [org.springframework.security.web.context.request.async.WebAsyncManagerIntegrationFilter@1da80c2e, org.springframework.security.web.context.SecurityContextPersistenceFilter@36c33e96, org.springframework.security.web.header.HeaderWriterFilter@69cb580b, org.springframework.security.web.authentication.logout.LogoutFilter@1ceedb4f, com.clone.instagram.authservice.config.JwtTokenAuthenticationFilter@4ec84d94, org.springframework.security.web.savedrequest.RequestCacheAwareFilter@187105b6, org.springframework.security.web.servletapi.SecurityContextHolderAwareRequestFilter@66a3195f, org.springframework.security.web.authentication.AnonymousAuthenticationFilter@2fe0004a, org.springframework.security.web.session.SessionManagementFilter@24301dd7, org.springframework.security.web.access.ExceptionTranslationFilter@38aab388, org.springframework.security.web.access.intercept.FilterSecurityInterceptor@7645f5d]
2025-11-25 13:10:18.374  INFO 60421 --- [           main] org.mongodb.driver.cluster               : Cluster created with settings {hosts=[localhost:27017], mode=SINGLE, requiredClusterType=UNKNOWN, serverSelectionTimeout='30000 ms', maxWaitQueueSize=500}
2025-11-25 13:10:18.392  WARN 60414 --- [           main] c.n.c.sources.URLConfigurationSource     : No URLs will be polled as dynamic configuration sources.
2025-11-25 13:10:18.392  INFO 60414 --- [           main] c.n.c.sources.URLConfigurationSource     : To enable URLs as dynamic configuration sources, define System property archaius.configurationSource.additionalUrls or make config.properties available on classpath.
2025-11-25 13:10:18.400  WARN 60414 --- [           main] c.n.c.sources.URLConfigurationSource     : No URLs will be polled as dynamic configuration sources.
2025-11-25 13:10:18.401  INFO 60414 --- [           main] c.n.c.sources.URLConfigurationSource     : To enable URLs as dynamic configuration sources, define System property archaius.configurationSource.additionalUrls or make config.properties available on classpath.
2025-11-25 13:10:18.452  INFO 60421 --- [localhost:27017] org.mongodb.driver.connection            : Opened connection [connectionId{localValue:1}] to localhost:27017
2025-11-25 13:10:18.455  INFO 60421 --- [localhost:27017] org.mongodb.driver.cluster               : Monitor thread successfully connected to server with description ServerDescription{address=localhost:27017, type=STANDALONE, state=CONNECTED, ok=true, version=ServerVersion{versionList=[8, 2, 1]}, minWireVersion=0, maxWireVersion=27, maxDocumentSize=16777216, logicalSessionTimeoutMinutes=30, roundTripTimeNanos=1804541}
2025-11-25 13:10:18.769  INFO 60418 --- [           main] c.n.d.provider.DiscoveryJerseyProvider   : Using JSON encoding codec LegacyJacksonJson
2025-11-25 13:10:18.769  INFO 60418 --- [           main] c.n.d.provider.DiscoveryJerseyProvider   : Using JSON decoding codec LegacyJacksonJson
2025-11-25 13:10:18.770  INFO 60418 --- [           main] c.n.d.provider.DiscoveryJerseyProvider   : Using XML encoding codec XStreamXml
2025-11-25 13:10:18.770  INFO 60418 --- [           main] c.n.d.provider.DiscoveryJerseyProvider   : Using XML decoding codec XStreamXml
2025-11-25 13:10:18.866  INFO 60422 --- [           main] o.s.s.c.ThreadPoolTaskScheduler          : Initializing ExecutorService 'taskScheduler'
2025-11-25 13:10:19.050  INFO 60416 --- [           main] com.netflix.discovery.DiscoveryClient    : The response status is 200
2025-11-25 13:10:19.058  INFO 60416 --- [           main] com.netflix.discovery.DiscoveryClient    : Starting heartbeat executor: renew interval is: 30
2025-11-25 13:10:19.062  INFO 60416 --- [           main] c.n.discovery.InstanceInfoReplicator     : InstanceInfoReplicator onDemand update allowed rate per min is 4
2025-11-25 13:10:19.074  INFO 60416 --- [           main] com.netflix.discovery.DiscoveryClient    : Discovery Client initialized at timestamp 1764105019068 with initial instances count: 6
2025-11-25 13:10:19.087  INFO 60416 --- [           main] o.s.c.n.e.s.EurekaServiceRegistry        : Registering application INSTA-GATEWAY with eureka with status UP
2025-11-25 13:10:19.088  INFO 60416 --- [           main] com.netflix.discovery.DiscoveryClient    : Saw local status change event StatusChangeEvent [timestamp=1764105019087, current=UP, previous=STARTING]
2025-11-25 13:10:19.130  INFO 60416 --- [nfoReplicator-0] com.netflix.discovery.DiscoveryClient    : DiscoveryClient_INSTA-GATEWAY/10.242.199.35:insta-gateway:8762: registering service...
2025-11-25 13:10:19.141  INFO 60423 --- [           main] o.s.i.monitor.IntegrationMBeanExporter   : Registering MessageChannel nullChannel
2025-11-25 13:10:19.166  INFO 60416 --- [nfoReplicator-0] com.netflix.discovery.DiscoveryClient    : DiscoveryClient_INSTA-GATEWAY/10.242.199.35:insta-gateway:8762 - registration status: 204
2025-11-25 13:10:19.191  INFO 60423 --- [           main] o.s.i.monitor.IntegrationMBeanExporter   : Registering MessageChannel momentsPostChanged
2025-11-25 13:10:19.473 ERROR 60416 --- [           main] org.apache.catalina.util.LifecycleBase   : Failed to start component [Connector[HTTP/1.1-8762]]

org.apache.catalina.LifecycleException: Protocol handler start failed
	at org.apache.catalina.connector.Connector.startInternal(Connector.java:1008) ~[tomcat-embed-core-9.0.17.jar:9.0.17]
	at org.apache.catalina.util.LifecycleBase.start(LifecycleBase.java:183) ~[tomcat-embed-core-9.0.17.jar:9.0.17]
	at org.apache.catalina.core.StandardService.addConnector(StandardService.java:226) ~[tomcat-embed-core-9.0.17.jar:9.0.17]
	at org.springframework.boot.web.embedded.tomcat.TomcatWebServer.addPreviouslyRemovedConnectors(TomcatWebServer.java:259) ~[spring-boot-2.1.4.RELEASE.jar:2.1.4.RELEASE]
	at org.springframework.boot.web.embedded.tomcat.TomcatWebServer.start(TomcatWebServer.java:197) ~[spring-boot-2.1.4.RELEASE.jar:2.1.4.RELEASE]
	at org.springframework.boot.web.servlet.context.ServletWebServerApplicationContext.startWebServer(ServletWebServerApplicationContext.java:311) ~[spring-boot-2.1.4.RELEASE.jar:2.1.4.RELEASE]
	at org.springframework.boot.web.servlet.context.ServletWebServerApplicationContext.finishRefresh(ServletWebServerApplicationContext.java:164) ~[spring-boot-2.1.4.RELEASE.jar:2.1.4.RELEASE]
	at org.springframework.context.support.AbstractApplicationContext.refresh(AbstractApplicationContext.java:552) ~[spring-context-5.1.6.RELEASE.jar:5.1.6.RELEASE]
	at org.springframework.boot.web.servlet.context.ServletWebServerApplicationContext.refresh(ServletWebServerApplicationContext.java:142) ~[spring-boot-2.1.4.RELEASE.jar:2.1.4.RELEASE]
	at org.springframework.boot.SpringApplication.refresh(SpringApplication.java:775) ~[spring-boot-2.1.4.RELEASE.jar:2.1.4.RELEASE]
	at org.springframework.boot.SpringApplication.refreshContext(SpringApplication.java:397) ~[spring-boot-2.1.4.RELEASE.jar:2.1.4.RELEASE]
	at org.springframework.boot.SpringApplication.run(SpringApplication.java:316) ~[spring-boot-2.1.4.RELEASE.jar:2.1.4.RELEASE]
	at org.springframework.boot.SpringApplication.run(SpringApplication.java:1260) ~[spring-boot-2.1.4.RELEASE.jar:2.1.4.RELEASE]
	at org.springframework.boot.SpringApplication.run(SpringApplication.java:1248) ~[spring-boot-2.1.4.RELEASE.jar:2.1.4.RELEASE]
	at com.clone.instagram.instaapigateway.InstaApiGatewayApplication.main(InstaApiGatewayApplication.java:15) ~[classes/:na]
	at java.base/jdk.internal.reflect.NativeMethodAccessorImpl.invoke0(Native Method) ~[na:na]
	at java.base/jdk.internal.reflect.NativeMethodAccessorImpl.invoke(NativeMethodAccessorImpl.java:62) ~[na:na]
	at java.base/jdk.internal.reflect.DelegatingMethodAccessorImpl.invoke(DelegatingMethodAccessorImpl.java:43) ~[na:na]
	at java.base/java.lang.reflect.Method.invoke(Method.java:566) ~[na:na]
	at org.springframework.boot.maven.AbstractRunMojo$LaunchRunner.run(AbstractRunMojo.java:558) ~[na:na]
	at java.base/java.lang.Thread.run(Thread.java:829) ~[na:na]
Caused by: java.net.BindException: Address already in use
	at java.base/sun.nio.ch.Net.bind0(Native Method) ~[na:na]
	at java.base/sun.nio.ch.Net.bind(Net.java:459) ~[na:na]
	at java.base/sun.nio.ch.Net.bind(Net.java:448) ~[na:na]
	at java.base/sun.nio.ch.ServerSocketChannelImpl.bind(ServerSocketChannelImpl.java:227) ~[na:na]
	at java.base/sun.nio.ch.ServerSocketAdaptor.bind(ServerSocketAdaptor.java:80) ~[na:na]
	at org.apache.tomcat.util.net.NioEndpoint.initServerSocket(NioEndpoint.java:236) ~[tomcat-embed-core-9.0.17.jar:9.0.17]
	at org.apache.tomcat.util.net.NioEndpoint.bind(NioEndpoint.java:210) ~[tomcat-embed-core-9.0.17.jar:9.0.17]
	at org.apache.tomcat.util.net.AbstractEndpoint.bindWithCleanup(AbstractEndpoint.java:1103) ~[tomcat-embed-core-9.0.17.jar:9.0.17]
	at org.apache.tomcat.util.net.AbstractEndpoint.start(AbstractEndpoint.java:1189) ~[tomcat-embed-core-9.0.17.jar:9.0.17]
	at org.apache.coyote.AbstractProtocol.start(AbstractProtocol.java:568) ~[tomcat-embed-core-9.0.17.jar:9.0.17]
	at org.apache.catalina.connector.Connector.startInternal(Connector.java:1005) ~[tomcat-embed-core-9.0.17.jar:9.0.17]
	... 20 common frames omitted

2025-11-25 13:10:19.506  INFO 60418 --- [           main] c.n.eureka.cluster.PeerEurekaNodes       : Replica node URL:  http://localhost:8761/eureka/
2025-11-25 13:10:19.583  INFO 60422 --- [           main] o.s.i.monitor.IntegrationMBeanExporter   : Registering MessageChannel momentsUserChanged
2025-11-25 13:10:19.602  INFO 60418 --- [           main] c.n.e.registry.AbstractInstanceRegistry  : Finished initializing remote region registries. All known remote regions: []
2025-11-25 13:10:19.605  INFO 60418 --- [           main] c.n.eureka.DefaultEurekaServerContext    : Initialized
2025-11-25 13:10:19.609  INFO 60416 --- [           main] o.apache.catalina.core.StandardService   : Stopping service [Tomcat]
2025-11-25 13:10:19.642  INFO 60414 --- [           main] o.s.s.concurrent.ThreadPoolTaskExecutor  : Initializing ExecutorService 'applicationTaskExecutor'
2025-11-25 13:10:19.698  INFO 60421 --- [           main] org.mongodb.driver.connection            : Opened connection [connectionId{localValue:2}] to localhost:27017
2025-11-25 13:10:19.709  INFO 60418 --- [           main] o.s.b.a.e.web.EndpointLinksResolver      : Exposing 2 endpoint(s) beneath base path '/actuator'
2025-11-25 13:10:19.709  WARN 60416 --- [           main] o.a.c.loader.WebappClassLoaderBase       : The web application [ROOT] appears to have started a thread named [spring.cloud.inetutils] but has failed to stop it. This is very likely to create a memory leak. Stack trace of thread:
 java.base@11.0.29/jdk.internal.misc.Unsafe.park(Native Method)
 java.base@11.0.29/java.util.concurrent.locks.LockSupport.park(LockSupport.java:194)
 java.base@11.0.29/java.util.concurrent.locks.AbstractQueuedSynchronizer$ConditionObject.await(AbstractQueuedSynchronizer.java:2081)
 java.base@11.0.29/java.util.concurrent.LinkedBlockingQueue.take(LinkedBlockingQueue.java:433)
 java.base@11.0.29/java.util.concurrent.ThreadPoolExecutor.getTask(ThreadPoolExecutor.java:1054)
 java.base@11.0.29/java.util.concurrent.ThreadPoolExecutor.runWorker(ThreadPoolExecutor.java:1114)
 java.base@11.0.29/java.util.concurrent.ThreadPoolExecutor$Worker.run(ThreadPoolExecutor.java:628)
 java.base@11.0.29/java.lang.Thread.run(Thread.java:829)
2025-11-25 13:10:19.710  INFO 60423 --- [           main] o.s.i.monitor.IntegrationMBeanExporter   : Registering MessageChannel errorChannel
2025-11-25 13:10:19.721  WARN 60416 --- [           main] o.a.c.loader.WebappClassLoaderBase       : The web application [ROOT] appears to have started a thread named [RxIoScheduler-1 (Evictor)] but has failed to stop it. This is very likely to create a memory leak. Stack trace of thread:
 java.base@11.0.29/jdk.internal.misc.Unsafe.park(Native Method)
 java.base@11.0.29/java.util.concurrent.locks.LockSupport.parkNanos(LockSupport.java:234)
 java.base@11.0.29/java.util.concurrent.locks.AbstractQueuedSynchronizer$ConditionObject.awaitNanos(AbstractQueuedSynchronizer.java:2123)
 java.base@11.0.29/java.util.concurrent.ScheduledThreadPoolExecutor$DelayedWorkQueue.take(ScheduledThreadPoolExecutor.java:1182)
 java.base@11.0.29/java.util.concurrent.ScheduledThreadPoolExecutor$DelayedWorkQueue.take(ScheduledThreadPoolExecutor.java:899)
 java.base@11.0.29/java.util.concurrent.ThreadPoolExecutor.getTask(ThreadPoolExecutor.java:1054)
 java.base@11.0.29/java.util.concurrent.ThreadPoolExecutor.runWorker(ThreadPoolExecutor.java:1114)
 java.base@11.0.29/java.util.concurrent.ThreadPoolExecutor$Worker.run(ThreadPoolExecutor.java:628)
 java.base@11.0.29/java.lang.Thread.run(Thread.java:829)
2025-11-25 13:10:19.741  INFO 60423 --- [           main] o.s.i.monitor.IntegrationMBeanExporter   : Registering MessageHandler errorLogger
2025-11-25 13:10:19.764  INFO 60416 --- [           main] ConditionEvaluationReportLoggingListener : 

Error starting ApplicationContext. To display the conditions report re-run your application with 'debug' enabled.
2025-11-25 13:10:19.764  INFO 60416 --- [           main] o.s.c.n.e.s.EurekaServiceRegistry        : Unregistering application INSTA-GATEWAY with eureka with status DOWN
2025-11-25 13:10:19.765  WARN 60416 --- [           main] com.netflix.discovery.DiscoveryClient    : Saw local status change event StatusChangeEvent [timestamp=1764105019765, current=DOWN, previous=UP]
2025-11-25 13:10:19.766  INFO 60416 --- [nfoReplicator-0] com.netflix.discovery.DiscoveryClient    : DiscoveryClient_INSTA-GATEWAY/10.242.199.35:insta-gateway:8762: registering service...
2025-11-25 13:10:19.768  INFO 60416 --- [           main] o.s.c.n.zuul.ZuulFilterInitializer       : Stopping filter initializer
2025-11-25 13:10:19.772  INFO 60416 --- [           main] o.s.s.concurrent.ThreadPoolTaskExecutor  : Shutting down ExecutorService 'applicationTaskExecutor'
2025-11-25 13:10:19.773  INFO 60416 --- [nfoReplicator-0] com.netflix.discovery.DiscoveryClient    : DiscoveryClient_INSTA-GATEWAY/10.242.199.35:insta-gateway:8762 - registration status: 204
2025-11-25 13:10:19.782  INFO 60423 --- [           main] o.s.c.s.m.DirectWithAttributesChannel    : Channel 'application-1.momentsPostChanged' has 1 subscriber(s).
2025-11-25 13:10:19.787  INFO 60423 --- [           main] o.s.i.endpoint.EventDrivenConsumer       : Adding {logging-channel-adapter:_org.springframework.integration.errorLogger} as a subscriber to the 'errorChannel' channel
2025-11-25 13:10:19.787  INFO 60423 --- [           main] o.s.i.channel.PublishSubscribeChannel    : Channel 'application-1.errorChannel' has 1 subscriber(s).
2025-11-25 13:10:19.787  INFO 60423 --- [           main] o.s.i.endpoint.EventDrivenConsumer       : started _org.springframework.integration.errorLogger
2025-11-25 13:10:19.790  INFO 60416 --- [           main] com.netflix.discovery.DiscoveryClient    : Shutting down DiscoveryClient ...
2025-11-25 13:10:19.800  INFO 60423 --- [           main] o.s.c.n.eureka.InstanceInfoFactory       : Setting initial instance status as: STARTING
2025-11-25 13:10:19.825  INFO 60423 --- [           main] com.netflix.discovery.DiscoveryClient    : Initializing Eureka in region us-east-1
2025-11-25 13:10:19.907  INFO 60418 --- [           main] o.s.c.n.e.s.EurekaServiceRegistry        : Registering application INSTA-DISCOVERY with eureka with status UP
2025-11-25 13:10:19.911  INFO 60418 --- [      Thread-12] o.s.c.n.e.server.EurekaServerBootstrap   : Setting the eureka configuration..
2025-11-25 13:10:19.915  INFO 60418 --- [      Thread-12] o.s.c.n.e.server.EurekaServerBootstrap   : Eureka data center value eureka.datacenter is not set, defaulting to default
2025-11-25 13:10:19.917  INFO 60418 --- [      Thread-12] o.s.c.n.e.server.EurekaServerBootstrap   : Eureka environment value eureka.environment is not set, defaulting to test
2025-11-25 13:10:20.003  INFO 60422 --- [           main] o.s.i.monitor.IntegrationMBeanExporter   : Registering MessageChannel nullChannel
2025-11-25 13:10:20.060  INFO 60422 --- [           main] o.s.i.monitor.IntegrationMBeanExporter   : Registering MessageChannel errorChannel
2025-11-25 13:10:20.091  INFO 60418 --- [      Thread-12] o.s.c.n.e.server.EurekaServerBootstrap   : isAws returned false
2025-11-25 13:10:20.091  INFO 60418 --- [      Thread-12] o.s.c.n.e.server.EurekaServerBootstrap   : Initialized server context
2025-11-25 13:10:20.091  INFO 60418 --- [      Thread-12] c.n.e.r.PeerAwareInstanceRegistryImpl    : Got 1 instances from neighboring DS node
2025-11-25 13:10:20.091  INFO 60418 --- [      Thread-12] c.n.e.r.PeerAwareInstanceRegistryImpl    : Renew threshold is: 1
2025-11-25 13:10:20.091  INFO 60418 --- [      Thread-12] c.n.e.r.PeerAwareInstanceRegistryImpl    : Changing status to UP
2025-11-25 13:10:20.103  INFO 60418 --- [      Thread-12] e.s.EurekaServerInitializerConfiguration : Started Eureka Server
2025-11-25 13:10:20.157 ERROR 60418 --- [           main] org.apache.catalina.util.LifecycleBase   : Failed to start component [Connector[HTTP/1.1-8761]]

org.apache.catalina.LifecycleException: Protocol handler start failed
	at org.apache.catalina.connector.Connector.startInternal(Connector.java:1008) ~[tomcat-embed-core-9.0.17.jar:9.0.17]
	at org.apache.catalina.util.LifecycleBase.start(LifecycleBase.java:183) ~[tomcat-embed-core-9.0.17.jar:9.0.17]
	at org.apache.catalina.core.StandardService.addConnector(StandardService.java:226) ~[tomcat-embed-core-9.0.17.jar:9.0.17]
	at org.springframework.boot.web.embedded.tomcat.TomcatWebServer.addPreviouslyRemovedConnectors(TomcatWebServer.java:259) ~[spring-boot-2.1.4.RELEASE.jar:2.1.4.RELEASE]
	at org.springframework.boot.web.embedded.tomcat.TomcatWebServer.start(TomcatWebServer.java:197) ~[spring-boot-2.1.4.RELEASE.jar:2.1.4.RELEASE]
	at org.springframework.boot.web.servlet.context.ServletWebServerApplicationContext.startWebServer(ServletWebServerApplicationContext.java:311) ~[spring-boot-2.1.4.RELEASE.jar:2.1.4.RELEASE]
	at org.springframework.boot.web.servlet.context.ServletWebServerApplicationContext.finishRefresh(ServletWebServerApplicationContext.java:164) ~[spring-boot-2.1.4.RELEASE.jar:2.1.4.RELEASE]
	at org.springframework.context.support.AbstractApplicationContext.refresh(AbstractApplicationContext.java:552) ~[spring-context-5.1.6.RELEASE.jar:5.1.6.RELEASE]
	at org.springframework.boot.web.servlet.context.ServletWebServerApplicationContext.refresh(ServletWebServerApplicationContext.java:142) ~[spring-boot-2.1.4.RELEASE.jar:2.1.4.RELEASE]
	at org.springframework.boot.SpringApplication.refresh(SpringApplication.java:775) ~[spring-boot-2.1.4.RELEASE.jar:2.1.4.RELEASE]
	at org.springframework.boot.SpringApplication.refreshContext(SpringApplication.java:397) ~[spring-boot-2.1.4.RELEASE.jar:2.1.4.RELEASE]
	at org.springframework.boot.SpringApplication.run(SpringApplication.java:316) ~[spring-boot-2.1.4.RELEASE.jar:2.1.4.RELEASE]
	at org.springframework.boot.SpringApplication.run(SpringApplication.java:1260) ~[spring-boot-2.1.4.RELEASE.jar:2.1.4.RELEASE]
	at org.springframework.boot.SpringApplication.run(SpringApplication.java:1248) ~[spring-boot-2.1.4.RELEASE.jar:2.1.4.RELEASE]
	at com.clone.instagram.instadiscovery.InstaDiscoveryApplication.main(InstaDiscoveryApplication.java:12) ~[classes/:na]
	at java.base/jdk.internal.reflect.NativeMethodAccessorImpl.invoke0(Native Method) ~[na:na]
	at java.base/jdk.internal.reflect.NativeMethodAccessorImpl.invoke(NativeMethodAccessorImpl.java:62) ~[na:na]
	at java.base/jdk.internal.reflect.DelegatingMethodAccessorImpl.invoke(DelegatingMethodAccessorImpl.java:43) ~[na:na]
	at java.base/java.lang.reflect.Method.invoke(Method.java:566) ~[na:na]
	at org.springframework.boot.maven.AbstractRunMojo$LaunchRunner.run(AbstractRunMojo.java:558) ~[na:na]
	at java.base/java.lang.Thread.run(Thread.java:829) ~[na:na]
Caused by: java.net.BindException: Address already in use
	at java.base/sun.nio.ch.Net.bind0(Native Method) ~[na:na]
	at java.base/sun.nio.ch.Net.bind(Net.java:459) ~[na:na]
	at java.base/sun.nio.ch.Net.bind(Net.java:448) ~[na:na]
	at java.base/sun.nio.ch.ServerSocketChannelImpl.bind(ServerSocketChannelImpl.java:227) ~[na:na]
	at java.base/sun.nio.ch.ServerSocketAdaptor.bind(ServerSocketAdaptor.java:80) ~[na:na]
	at org.apache.tomcat.util.net.NioEndpoint.initServerSocket(NioEndpoint.java:236) ~[tomcat-embed-core-9.0.17.jar:9.0.17]
	at org.apache.tomcat.util.net.NioEndpoint.bind(NioEndpoint.java:210) ~[tomcat-embed-core-9.0.17.jar:9.0.17]
	at org.apache.tomcat.util.net.AbstractEndpoint.bindWithCleanup(AbstractEndpoint.java:1103) ~[tomcat-embed-core-9.0.17.jar:9.0.17]
	at org.apache.tomcat.util.net.AbstractEndpoint.start(AbstractEndpoint.java:1189) ~[tomcat-embed-core-9.0.17.jar:9.0.17]
	at org.apache.coyote.AbstractProtocol.start(AbstractProtocol.java:568) ~[tomcat-embed-core-9.0.17.jar:9.0.17]
	at org.apache.catalina.connector.Connector.startInternal(Connector.java:1005) ~[tomcat-embed-core-9.0.17.jar:9.0.17]
	... 20 common frames omitted

2025-11-25 13:10:20.161  INFO 60418 --- [           main] o.apache.catalina.core.StandardService   : Stopping service [Tomcat]
2025-11-25 13:10:20.166  WARN 60418 --- [           main] o.a.c.loader.WebappClassLoaderBase       : The web application [ROOT] appears to have started a thread named [spring.cloud.inetutils] but has failed to stop it. This is very likely to create a memory leak. Stack trace of thread:
 java.base@11.0.29/jdk.internal.misc.Unsafe.park(Native Method)
 java.base@11.0.29/java.util.concurrent.locks.LockSupport.park(LockSupport.java:194)
 java.base@11.0.29/java.util.concurrent.locks.AbstractQueuedSynchronizer$ConditionObject.await(AbstractQueuedSynchronizer.java:2081)
 java.base@11.0.29/java.util.concurrent.LinkedBlockingQueue.take(LinkedBlockingQueue.java:433)
 java.base@11.0.29/java.util.concurrent.ThreadPoolExecutor.getTask(ThreadPoolExecutor.java:1054)
 java.base@11.0.29/java.util.concurrent.ThreadPoolExecutor.runWorker(ThreadPoolExecutor.java:1114)
 java.base@11.0.29/java.util.concurrent.ThreadPoolExecutor$Worker.run(ThreadPoolExecutor.java:628)
 java.base@11.0.29/java.lang.Thread.run(Thread.java:829)
2025-11-25 13:10:20.173  INFO 60418 --- [           main] ConditionEvaluationReportLoggingListener : 

Error starting ApplicationContext. To display the conditions report re-run your application with 'debug' enabled.
2025-11-25 13:10:20.174  INFO 60418 --- [           main] o.s.c.n.e.s.EurekaServiceRegistry        : Unregistering application INSTA-DISCOVERY with eureka with status DOWN
2025-11-25 13:10:20.177  INFO 60418 --- [           main] c.n.eureka.DefaultEurekaServerContext    : Shutting down ...
2025-11-25 13:10:20.183  INFO 60418 --- [           main] c.n.eureka.DefaultEurekaServerContext    : Shut down
2025-11-25 13:10:20.189  INFO 60418 --- [           main] o.s.s.concurrent.ThreadPoolTaskExecutor  : Shutting down ExecutorService 'applicationTaskExecutor'
2025-11-25 13:10:20.258  INFO 60422 --- [           main] o.s.i.monitor.IntegrationMBeanExporter   : Registering MessageHandler errorLogger
2025-11-25 13:10:20.316  INFO 60418 --- [           main] com.netflix.discovery.DiscoveryClient    : Shutting down DiscoveryClient ...
2025-11-25 13:10:20.318  INFO 60418 --- [           main] com.netflix.discovery.DiscoveryClient    : Completed shut down of DiscoveryClient
2025-11-25 13:10:20.321 ERROR 60418 --- [           main] o.s.b.d.LoggingFailureAnalysisReporter   : 

***************************
APPLICATION FAILED TO START
***************************

Description:

The Tomcat connector configured to listen on port 8761 failed to start. The port may already be in use or the connector may be misconfigured.

Action:

Verify the connector's configuration, identify and stop any process that's listening on port 8761, or configure this application to listen on another port.

[WARNING] 
java.lang.reflect.InvocationTargetException
    at jdk.internal.reflect.NativeMethodAccessorImpl.invoke0 (Native Method)
    at jdk.internal.reflect.NativeMethodAccessorImpl.invoke (NativeMethodAccessorImpl.java:62)
    at jdk.internal.reflect.DelegatingMethodAccessorImpl.invoke (DelegatingMethodAccessorImpl.java:43)
    at java.lang.reflect.Method.invoke (Method.java:566)
    at org.springframework.boot.maven.AbstractRunMojo$LaunchRunner.run (AbstractRunMojo.java:558)
    at java.lang.Thread.run (Thread.java:829)
Caused by: org.springframework.boot.web.embedded.tomcat.ConnectorStartFailedException: Connector configured to listen on port 8761 failed to start
    at org.springframework.boot.web.embedded.tomcat.TomcatWebServer.checkConnectorHasStarted (TomcatWebServer.java:232)
    at org.springframework.boot.web.embedded.tomcat.TomcatWebServer.checkThatConnectorsHaveStarted (TomcatWebServer.java:224)
    at org.springframework.boot.web.embedded.tomcat.TomcatWebServer.start (TomcatWebServer.java:202)
    at org.springframework.boot.web.servlet.context.ServletWebServerApplicationContext.startWebServer (ServletWebServerApplicationContext.java:311)
    at org.springframework.boot.web.servlet.context.ServletWebServerApplicationContext.finishRefresh (ServletWebServerApplicationContext.java:164)
    at org.springframework.context.support.AbstractApplicationContext.refresh (AbstractApplicationContext.java:552)
    at org.springframework.boot.web.servlet.context.ServletWebServerApplicationContext.refresh (ServletWebServerApplicationContext.java:142)
    at org.springframework.boot.SpringApplication.refresh (SpringApplication.java:775)
    at org.springframework.boot.SpringApplication.refreshContext (SpringApplication.java:397)
    at org.springframework.boot.SpringApplication.run (SpringApplication.java:316)
    at org.springframework.boot.SpringApplication.run (SpringApplication.java:1260)
    at org.springframework.boot.SpringApplication.run (SpringApplication.java:1248)
    at com.clone.instagram.instadiscovery.InstaDiscoveryApplication.main (InstaDiscoveryApplication.java:12)
    at jdk.internal.reflect.NativeMethodAccessorImpl.invoke0 (Native Method)
    at jdk.internal.reflect.NativeMethodAccessorImpl.invoke (NativeMethodAccessorImpl.java:62)
    at jdk.internal.reflect.DelegatingMethodAccessorImpl.invoke (DelegatingMethodAccessorImpl.java:43)
    at java.lang.reflect.Method.invoke (Method.java:566)
    at org.springframework.boot.maven.AbstractRunMojo$LaunchRunner.run (AbstractRunMojo.java:558)
    at java.lang.Thread.run (Thread.java:829)
[INFO] ------------------------------------------------------------------------
[INFO] BUILD FAILURE
[INFO] ------------------------------------------------------------------------
[INFO] Total time:  14.228 s
[INFO] Finished at: 2025-11-25T13:10:20-08:00
[INFO] ------------------------------------------------------------------------
[ERROR] Failed to execute goal org.springframework.boot:spring-boot-maven-plugin:2.1.4.RELEASE:run (default-cli) on project insta-discovery: An exception occurred while running. null: InvocationTargetException: Connector configured to listen on port 8761 failed to start -> [Help 1]
[ERROR] 
[ERROR] To see the full stack trace of the errors, re-run Maven with the -e switch.
[ERROR] Re-run Maven using the -X switch to enable full debug logging.
[ERROR] 
[ERROR] For more information about the errors and possible solutions, please read the following articles:
[ERROR] [Help 1] http://cwiki.apache.org/confluence/display/MAVEN/MojoExecutionException
2025-11-25 13:10:20.412  INFO 60422 --- [           main] o.s.c.s.m.DirectWithAttributesChannel    : Channel 'application-1.momentsUserChanged' has 1 subscriber(s).
2025-11-25 13:10:20.415  INFO 60422 --- [           main] o.s.i.endpoint.EventDrivenConsumer       : Adding {logging-channel-adapter:_org.springframework.integration.errorLogger} as a subscriber to the 'errorChannel' channel
2025-11-25 13:10:20.415  INFO 60422 --- [           main] o.s.i.channel.PublishSubscribeChannel    : Channel 'application-1.errorChannel' has 1 subscriber(s).
2025-11-25 13:10:20.415  INFO 60422 --- [           main] o.s.i.endpoint.EventDrivenConsumer       : started _org.springframework.integration.errorLogger
2025-11-25 13:10:20.425  INFO 60422 --- [           main] o.s.c.n.eureka.InstanceInfoFactory       : Setting initial instance status as: STARTING
2025-11-25 13:10:20.462  INFO 60422 --- [           main] com.netflix.discovery.DiscoveryClient    : Initializing Eureka in region us-east-1
2025-11-25 13:10:20.560  INFO 60423 --- [           main] c.n.d.provider.DiscoveryJerseyProvider   : Using JSON encoding codec LegacyJacksonJson
2025-11-25 13:10:20.561  INFO 60423 --- [           main] c.n.d.provider.DiscoveryJerseyProvider   : Using JSON decoding codec LegacyJacksonJson
2025-11-25 13:10:20.794  INFO 60422 --- [           main] c.n.d.provider.DiscoveryJerseyProvider   : Using JSON encoding codec LegacyJacksonJson
2025-11-25 13:10:20.795  INFO 60422 --- [           main] c.n.d.provider.DiscoveryJerseyProvider   : Using JSON decoding codec LegacyJacksonJson
WARNING: An illegal reflective access operation has occurred
WARNING: Illegal reflective access by com.thoughtworks.xstream.core.util.Fields (file:/Users/brucezjt/.m2/repository/com/thoughtworks/xstream/xstream/1.4.10/xstream-1.4.10.jar) to field java.util.TreeMap.comparator
WARNING: Please consider reporting this to the maintainers of com.thoughtworks.xstream.core.util.Fields
WARNING: Use --illegal-access=warn to enable warnings of further illegal reflective access operations
WARNING: All illegal access operations will be denied in a future release
2025-11-25 13:10:20.887  INFO 60423 --- [           main] c.n.d.provider.DiscoveryJerseyProvider   : Using XML encoding codec XStreamXml
2025-11-25 13:10:20.887  INFO 60423 --- [           main] c.n.d.provider.DiscoveryJerseyProvider   : Using XML decoding codec XStreamXml
2025-11-25 13:10:20.967  INFO 60419 --- [           main] com.netflix.discovery.DiscoveryClient    : Unregistering ...
2025-11-25 13:10:21.042  INFO 60414 --- [           main] o.s.c.n.eureka.InstanceInfoFactory       : Setting initial instance status as: STARTING
2025-11-25 13:10:21.061  INFO 60419 --- [           main] com.netflix.discovery.DiscoveryClient    : DiscoveryClient_INSTA-MEDIA/10.242.199.35:insta-media:8000 - deregister  status: 200
2025-11-25 13:10:21.104  INFO 60419 --- [           main] com.netflix.discovery.DiscoveryClient    : Completed shut down of DiscoveryClient
2025-11-25 13:10:21.120 ERROR 60419 --- [           main] o.s.b.d.LoggingFailureAnalysisReporter   : 

***************************
APPLICATION FAILED TO START
***************************

Description:

The Tomcat connector configured to listen on port 8000 failed to start. The port may already be in use or the connector may be misconfigured.

Action:

Verify the connector's configuration, identify and stop any process that's listening on port 8000, or configure this application to listen on another port.

[WARNING] 
java.lang.reflect.InvocationTargetException
    at jdk.internal.reflect.NativeMethodAccessorImpl.invoke0 (Native Method)
    at jdk.internal.reflect.NativeMethodAccessorImpl.invoke (NativeMethodAccessorImpl.java:62)
    at jdk.internal.reflect.DelegatingMethodAccessorImpl.invoke (DelegatingMethodAccessorImpl.java:43)
    at java.lang.reflect.Method.invoke (Method.java:566)
    at org.springframework.boot.maven.AbstractRunMojo$LaunchRunner.run (AbstractRunMojo.java:558)
    at java.lang.Thread.run (Thread.java:829)
Caused by: org.springframework.boot.web.embedded.tomcat.ConnectorStartFailedException: Connector configured to listen on port 8000 failed to start
    at org.springframework.boot.web.embedded.tomcat.TomcatWebServer.checkConnectorHasStarted (TomcatWebServer.java:232)
    at org.springframework.boot.web.embedded.tomcat.TomcatWebServer.checkThatConnectorsHaveStarted (TomcatWebServer.java:224)
    at org.springframework.boot.web.embedded.tomcat.TomcatWebServer.start (TomcatWebServer.java:202)
    at org.springframework.boot.web.servlet.context.ServletWebServerApplicationContext.startWebServer (ServletWebServerApplicationContext.java:311)
    at org.springframework.boot.web.servlet.context.ServletWebServerApplicationContext.finishRefresh (ServletWebServerApplicationContext.java:164)
    at org.springframework.context.support.AbstractApplicationContext.refresh (AbstractApplicationContext.java:552)
    at org.springframework.boot.web.servlet.context.ServletWebServerApplicationContext.refresh (ServletWebServerApplicationContext.java:142)
    at org.springframework.boot.SpringApplication.refresh (SpringApplication.java:775)
    at org.springframework.boot.SpringApplication.refreshContext (SpringApplication.java:397)
    at org.springframework.boot.SpringApplication.run (SpringApplication.java:316)
    at org.springframework.boot.SpringApplication.run (SpringApplication.java:1260)
    at org.springframework.boot.SpringApplication.run (SpringApplication.java:1248)
    at com.clone.instagram.instamediaservice.InstaMediaServiceApplication.main (InstaMediaServiceApplication.java:14)
    at jdk.internal.reflect.NativeMethodAccessorImpl.invoke0 (Native Method)
    at jdk.internal.reflect.NativeMethodAccessorImpl.invoke (NativeMethodAccessorImpl.java:62)
    at jdk.internal.reflect.DelegatingMethodAccessorImpl.invoke (DelegatingMethodAccessorImpl.java:43)
    at java.lang.reflect.Method.invoke (Method.java:566)
    at org.springframework.boot.maven.AbstractRunMojo$LaunchRunner.run (AbstractRunMojo.java:558)
    at java.lang.Thread.run (Thread.java:829)
[INFO] ------------------------------------------------------------------------
[INFO] BUILD FAILURE
[INFO] ------------------------------------------------------------------------
[INFO] Total time:  14.925 s
[INFO] Finished at: 2025-11-25T13:10:21-08:00
[INFO] ------------------------------------------------------------------------
[ERROR] Failed to execute goal org.springframework.boot:spring-boot-maven-plugin:2.1.4.RELEASE:run (default-cli) on project insta-media-service: An exception occurred while running. null: InvocationTargetException: Connector configured to listen on port 8000 failed to start -> [Help 1]
[ERROR] 
[ERROR] To see the full stack trace of the errors, re-run Maven with the -e switch.
[ERROR] Re-run Maven using the -X switch to enable full debug logging.
[ERROR] 
[ERROR] For more information about the errors and possible solutions, please read the following articles:
[ERROR] [Help 1] http://cwiki.apache.org/confluence/display/MAVEN/MojoExecutionException
2025-11-25 13:10:21.190  INFO 60414 --- [           main] com.netflix.discovery.DiscoveryClient    : Initializing Eureka in region us-east-1
2025-11-25 13:10:21.234  INFO 60421 --- [           main] .s.s.UserDetailsServiceAutoConfiguration : 

Using generated security password: e06d2c7a-fbfc-46ae-9dbc-7d5953ca0146

2025-11-25 13:10:21.251  INFO 60423 --- [           main] c.n.d.s.r.aws.ConfigClusterResolver      : Resolving eureka endpoints via configuration
2025-11-25 13:10:21.264  INFO 60423 --- [           main] com.netflix.discovery.DiscoveryClient    : Disable delta property : false
2025-11-25 13:10:21.265  INFO 60423 --- [           main] com.netflix.discovery.DiscoveryClient    : Single vip registry refresh property : null
2025-11-25 13:10:21.265  INFO 60423 --- [           main] com.netflix.discovery.DiscoveryClient    : Force full registry fetch : false
2025-11-25 13:10:21.265  INFO 60423 --- [           main] com.netflix.discovery.DiscoveryClient    : Application is null : false
2025-11-25 13:10:21.265  INFO 60423 --- [           main] com.netflix.discovery.DiscoveryClient    : Registered Applications size is zero : true
2025-11-25 13:10:21.265  INFO 60423 --- [           main] com.netflix.discovery.DiscoveryClient    : Application version is -1: true
2025-11-25 13:10:21.265  INFO 60423 --- [           main] com.netflix.discovery.DiscoveryClient    : Getting all instance registry info from the eureka server
2025-11-25 13:10:21.270  INFO 60414 --- [           main] c.n.d.provider.DiscoveryJerseyProvider   : Using JSON encoding codec LegacyJacksonJson
2025-11-25 13:10:21.270  INFO 60414 --- [           main] c.n.d.provider.DiscoveryJerseyProvider   : Using JSON decoding codec LegacyJacksonJson
2025-11-25 13:10:21.290  INFO 60422 --- [           main] c.n.d.provider.DiscoveryJerseyProvider   : Using XML encoding codec XStreamXml
2025-11-25 13:10:21.290  INFO 60422 --- [           main] c.n.d.provider.DiscoveryJerseyProvider   : Using XML decoding codec XStreamXml
2025-11-25 13:10:21.296  INFO 60421 --- [           main] o.s.s.web.DefaultSecurityFilterChain     : Creating filter chain: any request, [org.springframework.security.web.context.request.async.WebAsyncManagerIntegrationFilter@2b50ec9d, org.springframework.security.web.context.SecurityContextPersistenceFilter@63fa12a4, org.springframework.security.web.header.HeaderWriterFilter@13ba17ce, org.springframework.security.web.authentication.logout.LogoutFilter@78c4ebfa, com.clone.instagram.instapostservice.config.JwtTokenAuthenticationFilter@14334004, org.springframework.security.web.savedrequest.RequestCacheAwareFilter@592733c9, org.springframework.security.web.servletapi.SecurityContextHolderAwareRequestFilter@7fdb0a2e, org.springframework.security.web.authentication.AnonymousAuthenticationFilter@2fe95a1, org.springframework.security.web.session.SessionManagementFilter@2a081e12, org.springframework.security.web.access.ExceptionTranslationFilter@25f98092, org.springframework.security.web.access.intercept.FilterSecurityInterceptor@4c6c8690]
2025-11-25 13:10:21.372  WARN 60421 --- [           main] c.n.c.sources.URLConfigurationSource     : No URLs will be polled as dynamic configuration sources.
2025-11-25 13:10:21.372  INFO 60421 --- [           main] c.n.c.sources.URLConfigurationSource     : To enable URLs as dynamic configuration sources, define System property archaius.configurationSource.additionalUrls or make config.properties available on classpath.
2025-11-25 13:10:21.378  WARN 60421 --- [           main] c.n.c.sources.URLConfigurationSource     : No URLs will be polled as dynamic configuration sources.
2025-11-25 13:10:21.378  INFO 60421 --- [           main] c.n.c.sources.URLConfigurationSource     : To enable URLs as dynamic configuration sources, define System property archaius.configurationSource.additionalUrls or make config.properties available on classpath.
2025-11-25 13:10:21.416  INFO 60422 --- [           main] c.n.d.s.r.aws.ConfigClusterResolver      : Resolving eureka endpoints via configuration
2025-11-25 13:10:21.427  INFO 60422 --- [           main] com.netflix.discovery.DiscoveryClient    : Disable delta property : false
2025-11-25 13:10:21.428  INFO 60422 --- [           main] com.netflix.discovery.DiscoveryClient    : Single vip registry refresh property : null
2025-11-25 13:10:21.428  INFO 60422 --- [           main] com.netflix.discovery.DiscoveryClient    : Force full registry fetch : false
2025-11-25 13:10:21.428  INFO 60422 --- [           main] com.netflix.discovery.DiscoveryClient    : Application is null : false
2025-11-25 13:10:21.428  INFO 60422 --- [           main] com.netflix.discovery.DiscoveryClient    : Registered Applications size is zero : true
2025-11-25 13:10:21.428  INFO 60422 --- [           main] com.netflix.discovery.DiscoveryClient    : Application version is -1: true
2025-11-25 13:10:21.428  INFO 60422 --- [           main] com.netflix.discovery.DiscoveryClient    : Getting all instance registry info from the eureka server
2025-11-25 13:10:21.466  INFO 60423 --- [           main] com.netflix.discovery.DiscoveryClient    : The response status is 200
2025-11-25 13:10:21.471  INFO 60423 --- [           main] com.netflix.discovery.DiscoveryClient    : Starting heartbeat executor: renew interval is: 30
2025-11-25 13:10:21.475  INFO 60423 --- [           main] c.n.discovery.InstanceInfoReplicator     : InstanceInfoReplicator onDemand update allowed rate per min is 4
2025-11-25 13:10:21.482  INFO 60423 --- [           main] com.netflix.discovery.DiscoveryClient    : Discovery Client initialized at timestamp 1764105021478 with initial instances count: 6
2025-11-25 13:10:21.485  INFO 60423 --- [           main] o.s.c.n.e.s.EurekaServiceRegistry        : Registering application INSTA-FEED with eureka with status UP
2025-11-25 13:10:21.485  INFO 60423 --- [           main] com.netflix.discovery.DiscoveryClient    : Saw local status change event StatusChangeEvent [timestamp=1764105021485, current=UP, previous=STARTING]
2025-11-25 13:10:21.488  INFO 60423 --- [nfoReplicator-0] com.netflix.discovery.DiscoveryClient    : DiscoveryClient_INSTA-FEED/10.242.199.35:insta-feed:8003: registering service...
2025-11-25 13:10:21.501  INFO 60414 --- [           main] c.n.d.provider.DiscoveryJerseyProvider   : Using XML encoding codec XStreamXml
2025-11-25 13:10:21.502  INFO 60414 --- [           main] c.n.d.provider.DiscoveryJerseyProvider   : Using XML decoding codec XStreamXml
2025-11-25 13:10:21.503  INFO 60421 --- [           main] o.s.s.concurrent.ThreadPoolTaskExecutor  : Initializing ExecutorService 'applicationTaskExecutor'
2025-11-25 13:10:21.731  INFO 60422 --- [           main] com.netflix.discovery.DiscoveryClient    : The response status is 200
2025-11-25 13:10:21.738  INFO 60422 --- [           main] com.netflix.discovery.DiscoveryClient    : Starting heartbeat executor: renew interval is: 30
2025-11-25 13:10:21.757  INFO 60414 --- [           main] c.n.d.s.r.aws.ConfigClusterResolver      : Resolving eureka endpoints via configuration
2025-11-25 13:10:21.760  INFO 60422 --- [           main] c.n.discovery.InstanceInfoReplicator     : InstanceInfoReplicator onDemand update allowed rate per min is 4
2025-11-25 13:10:21.769  INFO 60422 --- [           main] com.netflix.discovery.DiscoveryClient    : Discovery Client initialized at timestamp 1764105021768 with initial instances count: 6
2025-11-25 13:10:21.774  INFO 60422 --- [           main] o.s.c.n.e.s.EurekaServiceRegistry        : Registering application INSTA-GRAPH with eureka with status UP
2025-11-25 13:10:21.774  INFO 60422 --- [           main] com.netflix.discovery.DiscoveryClient    : Saw local status change event StatusChangeEvent [timestamp=1764105021774, current=UP, previous=STARTING]
2025-11-25 13:10:21.804  INFO 60414 --- [           main] com.netflix.discovery.DiscoveryClient    : Disable delta property : false
2025-11-25 13:10:21.804  INFO 60414 --- [           main] com.netflix.discovery.DiscoveryClient    : Single vip registry refresh property : null
2025-11-25 13:10:21.804  INFO 60414 --- [           main] com.netflix.discovery.DiscoveryClient    : Force full registry fetch : false
2025-11-25 13:10:21.804  INFO 60414 --- [           main] com.netflix.discovery.DiscoveryClient    : Application is null : false
2025-11-25 13:10:21.804  INFO 60414 --- [           main] com.netflix.discovery.DiscoveryClient    : Registered Applications size is zero : true
2025-11-25 13:10:21.804  INFO 60414 --- [           main] com.netflix.discovery.DiscoveryClient    : Application version is -1: true
2025-11-25 13:10:21.805  INFO 60414 --- [           main] com.netflix.discovery.DiscoveryClient    : Getting all instance registry info from the eureka server
2025-11-25 13:10:21.800  INFO 60422 --- [nfoReplicator-0] com.netflix.discovery.DiscoveryClient    : DiscoveryClient_INSTA-GRAPH/10.242.199.35:insta-graph:8002: registering service...
2025-11-25 13:10:21.865  INFO 60423 --- [           main] o.a.k.clients.admin.AdminClientConfig    : AdminClientConfig values: 
	bootstrap.servers = [localhost:9092]
	client.id = 
	connections.max.idle.ms = 300000
	metadata.max.age.ms = 300000
	metric.reporters = []
	metrics.num.samples = 2
	metrics.recording.level = INFO
	metrics.sample.window.ms = 30000
	receive.buffer.bytes = 65536
	reconnect.backoff.max.ms = 1000
	reconnect.backoff.ms = 50
	request.timeout.ms = 120000
	retries = 5
	retry.backoff.ms = 100
	sasl.client.callback.handler.class = null
	sasl.jaas.config = null
	sasl.kerberos.kinit.cmd = /usr/bin/kinit
	sasl.kerberos.min.time.before.relogin = 60000
	sasl.kerberos.service.name = null
	sasl.kerberos.ticket.renew.jitter = 0.05
	sasl.kerberos.ticket.renew.window.factor = 0.8
	sasl.login.callback.handler.class = null
	sasl.login.class = null
	sasl.login.refresh.buffer.seconds = 300
	sasl.login.refresh.min.period.seconds = 60
	sasl.login.refresh.window.factor = 0.8
	sasl.login.refresh.window.jitter = 0.05
	sasl.mechanism = GSSAPI
	security.protocol = PLAINTEXT
	send.buffer.bytes = 131072
	ssl.cipher.suites = null
	ssl.enabled.protocols = [TLSv1.2, TLSv1.1, TLSv1]
	ssl.endpoint.identification.algorithm = https
	ssl.key.password = null
	ssl.keymanager.algorithm = SunX509
	ssl.keystore.location = null
	ssl.keystore.password = null
	ssl.keystore.type = JKS
	ssl.protocol = TLS
	ssl.provider = null
	ssl.secure.random.implementation = null
	ssl.trustmanager.algorithm = PKIX
	ssl.truststore.location = null
	ssl.truststore.password = null
	ssl.truststore.type = JKS

2025-11-25 13:10:21.900  INFO 60423 --- [           main] o.a.kafka.common.utils.AppInfoParser     : Kafka version : 2.0.1
2025-11-25 13:10:21.900  INFO 60423 --- [           main] o.a.kafka.common.utils.AppInfoParser     : Kafka commitId : fa14705e51bd2ce5
2025-11-25 13:10:22.054  INFO 60414 --- [           main] com.netflix.discovery.DiscoveryClient    : The response status is 200
2025-11-25 13:10:22.061  INFO 60414 --- [           main] com.netflix.discovery.DiscoveryClient    : Starting heartbeat executor: renew interval is: 30
2025-11-25 13:10:22.068  INFO 60414 --- [           main] c.n.discovery.InstanceInfoReplicator     : InstanceInfoReplicator onDemand update allowed rate per min is 4
2025-11-25 13:10:22.071  INFO 60414 --- [           main] com.netflix.discovery.DiscoveryClient    : Discovery Client initialized at timestamp 1764105022071 with initial instances count: 6
2025-11-25 13:10:22.101  INFO 60423 --- [           main] o.a.k.clients.consumer.ConsumerConfig    : ConsumerConfig values: 
	auto.commit.interval.ms = 100
	auto.offset.reset = latest
	bootstrap.servers = [localhost:9092]
	check.crcs = true
	client.id = 
	connections.max.idle.ms = 540000
	default.api.timeout.ms = 60000
	enable.auto.commit = false
	exclude.internal.topics = true
	fetch.max.bytes = 52428800
	fetch.max.wait.ms = 500
	fetch.min.bytes = 1
	group.id = graphService
	heartbeat.interval.ms = 3000
	interceptor.classes = []
	internal.leave.group.on.close = true
	isolation.level = read_uncommitted
	key.deserializer = class org.apache.kafka.common.serialization.StringDeserializer
	max.partition.fetch.bytes = 1048576
	max.poll.interval.ms = 300000
	max.poll.records = 500
	metadata.max.age.ms = 300000
	metric.reporters = []
	metrics.num.samples = 2
	metrics.recording.level = INFO
	metrics.sample.window.ms = 30000
	partition.assignment.strategy = [class org.apache.kafka.clients.consumer.RangeAssignor]
	receive.buffer.bytes = 65536
	reconnect.backoff.max.ms = 1000
	reconnect.backoff.ms = 50
	request.timeout.ms = 30000
	retry.backoff.ms = 100
	sasl.client.callback.handler.class = null
	sasl.jaas.config = null
	sasl.kerberos.kinit.cmd = /usr/bin/kinit
	sasl.kerberos.min.time.before.relogin = 60000
	sasl.kerberos.service.name = null
	sasl.kerberos.ticket.renew.jitter = 0.05
	sasl.kerberos.ticket.renew.window.factor = 0.8
	sasl.login.callback.handler.class = null
	sasl.login.class = null
	sasl.login.refresh.buffer.seconds = 300
	sasl.login.refresh.min.period.seconds = 60
	sasl.login.refresh.window.factor = 0.8
	sasl.login.refresh.window.jitter = 0.05
	sasl.mechanism = GSSAPI
	security.protocol = PLAINTEXT
	send.buffer.bytes = 131072
	session.timeout.ms = 10000
	ssl.cipher.suites = null
	ssl.enabled.protocols = [TLSv1.2, TLSv1.1, TLSv1]
	ssl.endpoint.identification.algorithm = https
	ssl.key.password = null
	ssl.keymanager.algorithm = SunX509
	ssl.keystore.location = null
	ssl.keystore.password = null
	ssl.keystore.type = JKS
	ssl.protocol = TLS
	ssl.provider = null
	ssl.secure.random.implementation = null
	ssl.trustmanager.algorithm = PKIX
	ssl.truststore.location = null
	ssl.truststore.password = null
	ssl.truststore.type = JKS
	value.deserializer = class org.apache.kafka.common.serialization.ByteArrayDeserializer

2025-11-25 13:10:22.127  INFO 60423 --- [           main] o.a.kafka.common.utils.AppInfoParser     : Kafka version : 2.0.1
2025-11-25 13:10:22.127  INFO 60423 --- [           main] o.a.kafka.common.utils.AppInfoParser     : Kafka commitId : fa14705e51bd2ce5
2025-11-25 13:10:22.135  INFO 60423 --- [           main] org.apache.kafka.clients.Metadata        : Cluster ID: 4Osa3nqtRZOLhk8BPS6Hpg
2025-11-25 13:10:22.155  INFO 60423 --- [           main] o.s.i.monitor.IntegrationMBeanExporter   : Registering MessageChannel moments.post.changed.graphService.errors
2025-11-25 13:10:22.182  INFO 60422 --- [           main] o.a.k.clients.admin.AdminClientConfig    : AdminClientConfig values: 
	bootstrap.servers = [localhost:9092]
	client.id = 
	connections.max.idle.ms = 300000
	metadata.max.age.ms = 300000
	metric.reporters = []
	metrics.num.samples = 2
	metrics.recording.level = INFO
	metrics.sample.window.ms = 30000
	receive.buffer.bytes = 65536
	reconnect.backoff.max.ms = 1000
	reconnect.backoff.ms = 50
	request.timeout.ms = 120000
	retries = 5
	retry.backoff.ms = 100
	sasl.client.callback.handler.class = null
	sasl.jaas.config = null
	sasl.kerberos.kinit.cmd = /usr/bin/kinit
	sasl.kerberos.min.time.before.relogin = 60000
	sasl.kerberos.service.name = null
	sasl.kerberos.ticket.renew.jitter = 0.05
	sasl.kerberos.ticket.renew.window.factor = 0.8
	sasl.login.callback.handler.class = null
	sasl.login.class = null
	sasl.login.refresh.buffer.seconds = 300
	sasl.login.refresh.min.period.seconds = 60
	sasl.login.refresh.window.factor = 0.8
	sasl.login.refresh.window.jitter = 0.05
	sasl.mechanism = GSSAPI
	security.protocol = PLAINTEXT
	send.buffer.bytes = 131072
	ssl.cipher.suites = null
	ssl.enabled.protocols = [TLSv1.2, TLSv1.1, TLSv1]
	ssl.endpoint.identification.algorithm = https
	ssl.key.password = null
	ssl.keymanager.algorithm = SunX509
	ssl.keystore.location = null
	ssl.keystore.password = null
	ssl.keystore.type = JKS
	ssl.protocol = TLS
	ssl.provider = null
	ssl.secure.random.implementation = null
	ssl.trustmanager.algorithm = PKIX
	ssl.truststore.location = null
	ssl.truststore.password = null
	ssl.truststore.type = JKS

2025-11-25 13:10:22.196  INFO 60414 --- [           main] o.s.s.c.ThreadPoolTaskScheduler          : Initializing ExecutorService 'taskScheduler'
2025-11-25 13:10:22.252  INFO 60422 --- [           main] o.a.kafka.common.utils.AppInfoParser     : Kafka version : 2.0.1
2025-11-25 13:10:22.252  INFO 60422 --- [           main] o.a.kafka.common.utils.AppInfoParser     : Kafka commitId : fa14705e51bd2ce5
2025-11-25 13:10:22.261  INFO 60423 --- [           main] o.s.c.stream.binder.BinderErrorChannel   : Channel 'application-1.moments.post.changed.graphService.errors' has 1 subscriber(s).
2025-11-25 13:10:22.261  INFO 60423 --- [           main] o.s.c.stream.binder.BinderErrorChannel   : Channel 'application-1.moments.post.changed.graphService.errors' has 0 subscriber(s).
2025-11-25 13:10:22.262  INFO 60423 --- [           main] o.s.c.stream.binder.BinderErrorChannel   : Channel 'application-1.moments.post.changed.graphService.errors' has 1 subscriber(s).
2025-11-25 13:10:22.262  INFO 60423 --- [           main] o.s.c.stream.binder.BinderErrorChannel   : Channel 'application-1.moments.post.changed.graphService.errors' has 2 subscriber(s).
2025-11-25 13:10:22.268  INFO 60423 --- [           main] o.a.k.clients.consumer.ConsumerConfig    : ConsumerConfig values: 
	auto.commit.interval.ms = 100
	auto.offset.reset = latest
	bootstrap.servers = [localhost:9092]
	check.crcs = true
	client.id = 
	connections.max.idle.ms = 540000
	default.api.timeout.ms = 60000
	enable.auto.commit = false
	exclude.internal.topics = true
	fetch.max.bytes = 52428800
	fetch.max.wait.ms = 500
	fetch.min.bytes = 1
	group.id = graphService
	heartbeat.interval.ms = 3000
	interceptor.classes = []
	internal.leave.group.on.close = true
	isolation.level = read_uncommitted
	key.deserializer = class org.apache.kafka.common.serialization.StringDeserializer
	max.partition.fetch.bytes = 1048576
	max.poll.interval.ms = 300000
	max.poll.records = 500
	metadata.max.age.ms = 300000
	metric.reporters = []
	metrics.num.samples = 2
	metrics.recording.level = INFO
	metrics.sample.window.ms = 30000
	partition.assignment.strategy = [class org.apache.kafka.clients.consumer.RangeAssignor]
	receive.buffer.bytes = 65536
	reconnect.backoff.max.ms = 1000
	reconnect.backoff.ms = 50
	request.timeout.ms = 30000
	retry.backoff.ms = 100
	sasl.client.callback.handler.class = null
	sasl.jaas.config = null
	sasl.kerberos.kinit.cmd = /usr/bin/kinit
	sasl.kerberos.min.time.before.relogin = 60000
	sasl.kerberos.service.name = null
	sasl.kerberos.ticket.renew.jitter = 0.05
	sasl.kerberos.ticket.renew.window.factor = 0.8
	sasl.login.callback.handler.class = null
	sasl.login.class = null
	sasl.login.refresh.buffer.seconds = 300
	sasl.login.refresh.min.period.seconds = 60
	sasl.login.refresh.window.factor = 0.8
	sasl.login.refresh.window.jitter = 0.05
	sasl.mechanism = GSSAPI
	security.protocol = PLAINTEXT
	send.buffer.bytes = 131072
	session.timeout.ms = 10000
	ssl.cipher.suites = null
	ssl.enabled.protocols = [TLSv1.2, TLSv1.1, TLSv1]
	ssl.endpoint.identification.algorithm = https
	ssl.key.password = null
	ssl.keymanager.algorithm = SunX509
	ssl.keystore.location = null
	ssl.keystore.password = null
	ssl.keystore.type = JKS
	ssl.protocol = TLS
	ssl.provider = null
	ssl.secure.random.implementation = null
	ssl.trustmanager.algorithm = PKIX
	ssl.truststore.location = null
	ssl.truststore.password = null
	ssl.truststore.type = JKS
	value.deserializer = class org.apache.kafka.common.serialization.ByteArrayDeserializer

2025-11-25 13:10:22.270  INFO 60423 --- [           main] o.a.kafka.common.utils.AppInfoParser     : Kafka version : 2.0.1
2025-11-25 13:10:22.271  INFO 60423 --- [           main] o.a.kafka.common.utils.AppInfoParser     : Kafka commitId : fa14705e51bd2ce5
2025-11-25 13:10:22.279  INFO 60423 --- [           main] org.apache.kafka.clients.Metadata        : Cluster ID: 4Osa3nqtRZOLhk8BPS6Hpg
2025-11-25 13:10:22.285  INFO 60421 --- [           main] o.s.s.c.ThreadPoolTaskScheduler          : Initializing ExecutorService 'taskScheduler'
2025-11-25 13:10:22.306  INFO 60423 --- [           main] o.a.k.clients.consumer.ConsumerConfig    : ConsumerConfig values: 
	auto.commit.interval.ms = 100
	auto.offset.reset = latest
	bootstrap.servers = [localhost:9092]
	check.crcs = true
	client.id = 
	connections.max.idle.ms = 540000
	default.api.timeout.ms = 60000
	enable.auto.commit = false
	exclude.internal.topics = true
	fetch.max.bytes = 52428800
	fetch.max.wait.ms = 500
	fetch.min.bytes = 1
	group.id = graphService
	heartbeat.interval.ms = 3000
	interceptor.classes = []
	internal.leave.group.on.close = true
	isolation.level = read_uncommitted
	key.deserializer = class org.apache.kafka.common.serialization.StringDeserializer
	max.partition.fetch.bytes = 1048576
	max.poll.interval.ms = 300000
	max.poll.records = 500
	metadata.max.age.ms = 300000
	metric.reporters = []
	metrics.num.samples = 2
	metrics.recording.level = INFO
	metrics.sample.window.ms = 30000
	partition.assignment.strategy = [class org.apache.kafka.clients.consumer.RangeAssignor]
	receive.buffer.bytes = 65536
	reconnect.backoff.max.ms = 1000
	reconnect.backoff.ms = 50
	request.timeout.ms = 30000
	retry.backoff.ms = 100
	sasl.client.callback.handler.class = null
	sasl.jaas.config = null
	sasl.kerberos.kinit.cmd = /usr/bin/kinit
	sasl.kerberos.min.time.before.relogin = 60000
	sasl.kerberos.service.name = null
	sasl.kerberos.ticket.renew.jitter = 0.05
	sasl.kerberos.ticket.renew.window.factor = 0.8
	sasl.login.callback.handler.class = null
	sasl.login.class = null
	sasl.login.refresh.buffer.seconds = 300
	sasl.login.refresh.min.period.seconds = 60
	sasl.login.refresh.window.factor = 0.8
	sasl.login.refresh.window.jitter = 0.05
	sasl.mechanism = GSSAPI
	security.protocol = PLAINTEXT
	send.buffer.bytes = 131072
	session.timeout.ms = 10000
	ssl.cipher.suites = null
	ssl.enabled.protocols = [TLSv1.2, TLSv1.1, TLSv1]
	ssl.endpoint.identification.algorithm = https
	ssl.key.password = null
	ssl.keymanager.algorithm = SunX509
	ssl.keystore.location = null
	ssl.keystore.password = null
	ssl.keystore.type = JKS
	ssl.protocol = TLS
	ssl.provider = null
	ssl.secure.random.implementation = null
	ssl.trustmanager.algorithm = PKIX
	ssl.truststore.location = null
	ssl.truststore.password = null
	ssl.truststore.type = JKS
	value.deserializer = class org.apache.kafka.common.serialization.ByteArrayDeserializer

2025-11-25 13:10:22.308  INFO 60423 --- [           main] o.a.kafka.common.utils.AppInfoParser     : Kafka version : 2.0.1
2025-11-25 13:10:22.308  INFO 60423 --- [           main] o.a.kafka.common.utils.AppInfoParser     : Kafka commitId : fa14705e51bd2ce5
2025-11-25 13:10:22.309  INFO 60423 --- [           main] o.s.s.c.ThreadPoolTaskScheduler          : Initializing ExecutorService
2025-11-25 13:10:22.321  INFO 60423 --- [           main] s.i.k.i.KafkaMessageDrivenChannelAdapter : started org.springframework.integration.kafka.inbound.KafkaMessageDrivenChannelAdapter@690a3966
2025-11-25 13:10:22.374 ERROR 60423 --- [           main] org.apache.catalina.util.LifecycleBase   : Failed to start component [Connector[HTTP/1.1-8003]]

org.apache.catalina.LifecycleException: Protocol handler start failed
	at org.apache.catalina.connector.Connector.startInternal(Connector.java:1008) ~[tomcat-embed-core-9.0.19.jar:9.0.19]
	at org.apache.catalina.util.LifecycleBase.start(LifecycleBase.java:183) ~[tomcat-embed-core-9.0.19.jar:9.0.19]
	at org.apache.catalina.core.StandardService.addConnector(StandardService.java:226) ~[tomcat-embed-core-9.0.19.jar:9.0.19]
	at org.springframework.boot.web.embedded.tomcat.TomcatWebServer.addPreviouslyRemovedConnectors(TomcatWebServer.java:259) ~[spring-boot-2.1.5.RELEASE.jar:2.1.5.RELEASE]
	at org.springframework.boot.web.embedded.tomcat.TomcatWebServer.start(TomcatWebServer.java:197) ~[spring-boot-2.1.5.RELEASE.jar:2.1.5.RELEASE]
	at org.springframework.boot.web.servlet.context.ServletWebServerApplicationContext.startWebServer(ServletWebServerApplicationContext.java:311) ~[spring-boot-2.1.5.RELEASE.jar:2.1.5.RELEASE]
	at org.springframework.boot.web.servlet.context.ServletWebServerApplicationContext.finishRefresh(ServletWebServerApplicationContext.java:164) ~[spring-boot-2.1.5.RELEASE.jar:2.1.5.RELEASE]
	at org.springframework.context.support.AbstractApplicationContext.refresh(AbstractApplicationContext.java:552) ~[spring-context-5.1.7.RELEASE.jar:5.1.7.RELEASE]
	at org.springframework.boot.web.servlet.context.ServletWebServerApplicationContext.refresh(ServletWebServerApplicationContext.java:142) ~[spring-boot-2.1.5.RELEASE.jar:2.1.5.RELEASE]
	at org.springframework.boot.SpringApplication.refresh(SpringApplication.java:775) ~[spring-boot-2.1.5.RELEASE.jar:2.1.5.RELEASE]
	at org.springframework.boot.SpringApplication.refreshContext(SpringApplication.java:397) ~[spring-boot-2.1.5.RELEASE.jar:2.1.5.RELEASE]
	at org.springframework.boot.SpringApplication.run(SpringApplication.java:316) ~[spring-boot-2.1.5.RELEASE.jar:2.1.5.RELEASE]
	at org.springframework.boot.SpringApplication.run(SpringApplication.java:1260) ~[spring-boot-2.1.5.RELEASE.jar:2.1.5.RELEASE]
	at org.springframework.boot.SpringApplication.run(SpringApplication.java:1248) ~[spring-boot-2.1.5.RELEASE.jar:2.1.5.RELEASE]
	at com.clone.instagram.instafeedservice.InstaFeedServiceApplication.main(InstaFeedServiceApplication.java:18) ~[classes/:na]
	at java.base/jdk.internal.reflect.NativeMethodAccessorImpl.invoke0(Native Method) ~[na:na]
	at java.base/jdk.internal.reflect.NativeMethodAccessorImpl.invoke(NativeMethodAccessorImpl.java:62) ~[na:na]
	at java.base/jdk.internal.reflect.DelegatingMethodAccessorImpl.invoke(DelegatingMethodAccessorImpl.java:43) ~[na:na]
	at java.base/java.lang.reflect.Method.invoke(Method.java:566) ~[na:na]
	at org.springframework.boot.maven.AbstractRunMojo$LaunchRunner.run(AbstractRunMojo.java:558) ~[na:na]
	at java.base/java.lang.Thread.run(Thread.java:829) ~[na:na]
Caused by: java.net.BindException: Address already in use
	at java.base/sun.nio.ch.Net.bind0(Native Method) ~[na:na]
	at java.base/sun.nio.ch.Net.bind(Net.java:459) ~[na:na]
	at java.base/sun.nio.ch.Net.bind(Net.java:448) ~[na:na]
	at java.base/sun.nio.ch.ServerSocketChannelImpl.bind(ServerSocketChannelImpl.java:227) ~[na:na]
	at java.base/sun.nio.ch.ServerSocketAdaptor.bind(ServerSocketAdaptor.java:80) ~[na:na]
	at org.apache.tomcat.util.net.NioEndpoint.initServerSocket(NioEndpoint.java:239) ~[tomcat-embed-core-9.0.19.jar:9.0.19]
	at org.apache.tomcat.util.net.NioEndpoint.bind(NioEndpoint.java:213) ~[tomcat-embed-core-9.0.19.jar:9.0.19]
	at org.apache.tomcat.util.net.AbstractEndpoint.bindWithCleanup(AbstractEndpoint.java:1116) ~[tomcat-embed-core-9.0.19.jar:9.0.19]
	at org.apache.tomcat.util.net.AbstractEndpoint.start(AbstractEndpoint.java:1202) ~[tomcat-embed-core-9.0.19.jar:9.0.19]
	at org.apache.coyote.AbstractProtocol.start(AbstractProtocol.java:568) ~[tomcat-embed-core-9.0.19.jar:9.0.19]
	at org.apache.catalina.connector.Connector.startInternal(Connector.java:1005) ~[tomcat-embed-core-9.0.19.jar:9.0.19]
	... 20 common frames omitted

2025-11-25 13:10:22.370  INFO 60423 --- [container-0-C-1] org.apache.kafka.clients.Metadata        : Cluster ID: 4Osa3nqtRZOLhk8BPS6Hpg
2025-11-25 13:10:22.383  INFO 60423 --- [container-0-C-1] o.a.k.c.c.internals.AbstractCoordinator  : [Consumer clientId=consumer-3, groupId=graphService] Discovered group coordinator 127.0.0.1:9092 (id: 2147482646 rack: null)
2025-11-25 13:10:22.385  INFO 60423 --- [           main] o.apache.catalina.core.StandardService   : Stopping service [Tomcat]
2025-11-25 13:10:22.394  INFO 60423 --- [container-0-C-1] o.a.k.c.c.internals.ConsumerCoordinator  : [Consumer clientId=consumer-3, groupId=graphService] Revoking previously assigned partitions []
2025-11-25 13:10:22.394  INFO 60423 --- [container-0-C-1] o.s.c.s.b.k.KafkaMessageChannelBinder$1  : partitions revoked: []
2025-11-25 13:10:22.394  INFO 60423 --- [container-0-C-1] o.a.k.c.c.internals.AbstractCoordinator  : [Consumer clientId=consumer-3, groupId=graphService] (Re-)joining group
2025-11-25 13:10:22.402  INFO 60423 --- [           main] ConditionEvaluationReportLoggingListener : 

Error starting ApplicationContext. To display the conditions report re-run your application with 'debug' enabled.
2025-11-25 13:10:22.403  INFO 60423 --- [           main] o.s.c.n.e.s.EurekaServiceRegistry        : Unregistering application INSTA-FEED with eureka with status DOWN
2025-11-25 13:10:22.403  WARN 60423 --- [           main] com.netflix.discovery.DiscoveryClient    : Saw local status change event StatusChangeEvent [timestamp=1764105022403, current=DOWN, previous=UP]
2025-11-25 13:10:22.407  INFO 60423 --- [nfoReplicator-0] com.netflix.discovery.DiscoveryClient    : DiscoveryClient_INSTA-FEED/10.242.199.35:insta-feed:8003: registering service...
2025-11-25 13:10:22.417  INFO 60423 --- [nfoReplicator-0] com.netflix.discovery.DiscoveryClient    : DiscoveryClient_INSTA-FEED/10.242.199.35:insta-feed:8003 - registration status: 204
2025-11-25 13:10:22.419  INFO 60423 --- [container-0-C-1] o.s.s.c.ThreadPoolTaskScheduler          : Shutting down ExecutorService
2025-11-25 13:10:22.501  INFO 60422 --- [           main] o.a.k.clients.consumer.ConsumerConfig    : ConsumerConfig values: 
	auto.commit.interval.ms = 100
	auto.offset.reset = latest
	bootstrap.servers = [localhost:9092]
	check.crcs = true
	client.id = 
	connections.max.idle.ms = 540000
	default.api.timeout.ms = 60000
	enable.auto.commit = false
	exclude.internal.topics = true
	fetch.max.bytes = 52428800
	fetch.max.wait.ms = 500
	fetch.min.bytes = 1
	group.id = graphService
	heartbeat.interval.ms = 3000
	interceptor.classes = []
	internal.leave.group.on.close = true
	isolation.level = read_uncommitted
	key.deserializer = class org.apache.kafka.common.serialization.StringDeserializer
	max.partition.fetch.bytes = 1048576
	max.poll.interval.ms = 300000
	max.poll.records = 500
	metadata.max.age.ms = 300000
	metric.reporters = []
	metrics.num.samples = 2
	metrics.recording.level = INFO
	metrics.sample.window.ms = 30000
	partition.assignment.strategy = [class org.apache.kafka.clients.consumer.RangeAssignor]
	receive.buffer.bytes = 65536
	reconnect.backoff.max.ms = 1000
	reconnect.backoff.ms = 50
	request.timeout.ms = 30000
	retry.backoff.ms = 100
	sasl.client.callback.handler.class = null
	sasl.jaas.config = null
	sasl.kerberos.kinit.cmd = /usr/bin/kinit
	sasl.kerberos.min.time.before.relogin = 60000
	sasl.kerberos.service.name = null
	sasl.kerberos.ticket.renew.jitter = 0.05
	sasl.kerberos.ticket.renew.window.factor = 0.8
	sasl.login.callback.handler.class = null
	sasl.login.class = null
	sasl.login.refresh.buffer.seconds = 300
	sasl.login.refresh.min.period.seconds = 60
	sasl.login.refresh.window.factor = 0.8
	sasl.login.refresh.window.jitter = 0.05
	sasl.mechanism = GSSAPI
	security.protocol = PLAINTEXT
	send.buffer.bytes = 131072
	session.timeout.ms = 10000
	ssl.cipher.suites = null
	ssl.enabled.protocols = [TLSv1.2, TLSv1.1, TLSv1]
	ssl.endpoint.identification.algorithm = https
	ssl.key.password = null
	ssl.keymanager.algorithm = SunX509
	ssl.keystore.location = null
	ssl.keystore.password = null
	ssl.keystore.type = JKS
	ssl.protocol = TLS
	ssl.provider = null
	ssl.secure.random.implementation = null
	ssl.trustmanager.algorithm = PKIX
	ssl.truststore.location = null
	ssl.truststore.password = null
	ssl.truststore.type = JKS
	value.deserializer = class org.apache.kafka.common.serialization.ByteArrayDeserializer

2025-11-25 13:10:22.526  INFO 60423 --- [container-0-C-1] essageListenerContainer$ListenerConsumer : Consumer stopped
2025-11-25 13:10:22.530  INFO 60423 --- [           main] s.i.k.i.KafkaMessageDrivenChannelAdapter : stopped org.springframework.integration.kafka.inbound.KafkaMessageDrivenChannelAdapter@690a3966
2025-11-25 13:10:22.531  INFO 60423 --- [           main] o.s.c.stream.binder.BinderErrorChannel   : Channel 'application-1.moments.post.changed.graphService.errors' has 1 subscriber(s).
2025-11-25 13:10:22.531  INFO 60423 --- [           main] o.s.c.stream.binder.BinderErrorChannel   : Channel 'application-1.moments.post.changed.graphService.errors' has 0 subscriber(s).
2025-11-25 13:10:22.532  INFO 60422 --- [           main] o.a.kafka.common.utils.AppInfoParser     : Kafka version : 2.0.1
2025-11-25 13:10:22.532  INFO 60422 --- [           main] o.a.kafka.common.utils.AppInfoParser     : Kafka commitId : fa14705e51bd2ce5
2025-11-25 13:10:22.534  INFO 60423 --- [           main] o.s.i.endpoint.EventDrivenConsumer       : Removing {logging-channel-adapter:_org.springframework.integration.errorLogger} as a subscriber to the 'errorChannel' channel
2025-11-25 13:10:22.535  INFO 60423 --- [           main] o.s.i.channel.PublishSubscribeChannel    : Channel 'application-1.errorChannel' has 0 subscriber(s).
2025-11-25 13:10:22.537  INFO 60423 --- [           main] o.s.i.endpoint.EventDrivenConsumer       : stopped _org.springframework.integration.errorLogger
2025-11-25 13:10:22.538  INFO 60422 --- [           main] org.apache.kafka.clients.Metadata        : Cluster ID: 4Osa3nqtRZOLhk8BPS6Hpg
2025-11-25 13:10:22.550  INFO 60421 --- [           main] o.s.i.monitor.IntegrationMBeanExporter   : Registering MessageChannel momentsPostChanged
2025-11-25 13:10:22.557  INFO 60423 --- [           main] o.s.s.concurrent.ThreadPoolTaskExecutor  : Shutting down ExecutorService 'applicationTaskExecutor'
2025-11-25 13:10:22.565  INFO 60423 --- [           main] o.s.s.c.ThreadPoolTaskScheduler          : Shutting down ExecutorService 'taskScheduler'
2025-11-25 13:10:22.597  INFO 60422 --- [           main] o.s.i.monitor.IntegrationMBeanExporter   : Registering MessageChannel moments.user.changed.graphService.errors
2025-11-25 13:10:22.615  INFO 60421 --- [           main] o.s.i.monitor.IntegrationMBeanExporter   : Registering MessageChannel errorChannel
2025-11-25 13:10:22.621  INFO 60414 --- [           main] o.s.i.monitor.IntegrationMBeanExporter   : Registering MessageChannel nullChannel
2025-11-25 13:10:22.642  INFO 60414 --- [           main] o.s.i.monitor.IntegrationMBeanExporter   : Registering MessageChannel momentsUserChanged
2025-11-25 13:10:22.644  INFO 60421 --- [           main] o.s.i.monitor.IntegrationMBeanExporter   : Registering MessageChannel nullChannel
2025-11-25 13:10:22.662  INFO 60421 --- [           main] o.s.i.monitor.IntegrationMBeanExporter   : Registering MessageHandler errorLogger
2025-11-25 13:10:22.676  INFO 60422 --- [           main] o.s.c.stream.binder.BinderErrorChannel   : Channel 'application-1.moments.user.changed.graphService.errors' has 1 subscriber(s).
2025-11-25 13:10:22.676  INFO 60422 --- [           main] o.s.c.stream.binder.BinderErrorChannel   : Channel 'application-1.moments.user.changed.graphService.errors' has 0 subscriber(s).
2025-11-25 13:10:22.676  INFO 60422 --- [           main] o.s.c.stream.binder.BinderErrorChannel   : Channel 'application-1.moments.user.changed.graphService.errors' has 1 subscriber(s).
2025-11-25 13:10:22.676  INFO 60422 --- [           main] o.s.c.stream.binder.BinderErrorChannel   : Channel 'application-1.moments.user.changed.graphService.errors' has 2 subscriber(s).
2025-11-25 13:10:22.680  INFO 60414 --- [           main] o.s.i.monitor.IntegrationMBeanExporter   : Registering MessageChannel errorChannel
2025-11-25 13:10:22.683  INFO 60422 --- [           main] o.a.k.clients.consumer.ConsumerConfig    : ConsumerConfig values: 
	auto.commit.interval.ms = 100
	auto.offset.reset = latest
	bootstrap.servers = [localhost:9092]
	check.crcs = true
	client.id = 
	connections.max.idle.ms = 540000
	default.api.timeout.ms = 60000
	enable.auto.commit = false
	exclude.internal.topics = true
	fetch.max.bytes = 52428800
	fetch.max.wait.ms = 500
	fetch.min.bytes = 1
	group.id = graphService
	heartbeat.interval.ms = 3000
	interceptor.classes = []
	internal.leave.group.on.close = true
	isolation.level = read_uncommitted
	key.deserializer = class org.apache.kafka.common.serialization.StringDeserializer
	max.partition.fetch.bytes = 1048576
	max.poll.interval.ms = 300000
	max.poll.records = 500
	metadata.max.age.ms = 300000
	metric.reporters = []
	metrics.num.samples = 2
	metrics.recording.level = INFO
	metrics.sample.window.ms = 30000
	partition.assignment.strategy = [class org.apache.kafka.clients.consumer.RangeAssignor]
	receive.buffer.bytes = 65536
	reconnect.backoff.max.ms = 1000
	reconnect.backoff.ms = 50
	request.timeout.ms = 30000
	retry.backoff.ms = 100
	sasl.client.callback.handler.class = null
	sasl.jaas.config = null
	sasl.kerberos.kinit.cmd = /usr/bin/kinit
	sasl.kerberos.min.time.before.relogin = 60000
	sasl.kerberos.service.name = null
	sasl.kerberos.ticket.renew.jitter = 0.05
	sasl.kerberos.ticket.renew.window.factor = 0.8
	sasl.login.callback.handler.class = null
	sasl.login.class = null
	sasl.login.refresh.buffer.seconds = 300
	sasl.login.refresh.min.period.seconds = 60
	sasl.login.refresh.window.factor = 0.8
	sasl.login.refresh.window.jitter = 0.05
	sasl.mechanism = GSSAPI
	security.protocol = PLAINTEXT
	send.buffer.bytes = 131072
	session.timeout.ms = 10000
	ssl.cipher.suites = null
	ssl.enabled.protocols = [TLSv1.2, TLSv1.1, TLSv1]
	ssl.endpoint.identification.algorithm = https
	ssl.key.password = null
	ssl.keymanager.algorithm = SunX509
	ssl.keystore.location = null
	ssl.keystore.password = null
	ssl.keystore.type = JKS
	ssl.protocol = TLS
	ssl.provider = null
	ssl.secure.random.implementation = null
	ssl.trustmanager.algorithm = PKIX
	ssl.truststore.location = null
	ssl.truststore.password = null
	ssl.truststore.type = JKS
	value.deserializer = class org.apache.kafka.common.serialization.ByteArrayDeserializer

2025-11-25 13:10:22.686  INFO 60422 --- [           main] o.a.kafka.common.utils.AppInfoParser     : Kafka version : 2.0.1
2025-11-25 13:10:22.686  INFO 60422 --- [           main] o.a.kafka.common.utils.AppInfoParser     : Kafka commitId : fa14705e51bd2ce5
2025-11-25 13:10:22.690  INFO 60421 --- [           main] o.s.i.endpoint.EventDrivenConsumer       : Adding {logging-channel-adapter:_org.springframework.integration.errorLogger} as a subscriber to the 'errorChannel' channel
2025-11-25 13:10:22.690  INFO 60421 --- [           main] o.s.i.channel.PublishSubscribeChannel    : Channel 'application-1.errorChannel' has 1 subscriber(s).
2025-11-25 13:10:22.690  INFO 60421 --- [           main] o.s.i.endpoint.EventDrivenConsumer       : started _org.springframework.integration.errorLogger
2025-11-25 13:10:22.694  INFO 60422 --- [           main] org.apache.kafka.clients.Metadata        : Cluster ID: 4Osa3nqtRZOLhk8BPS6Hpg
2025-11-25 13:10:22.702  INFO 60422 --- [           main] o.a.k.clients.consumer.ConsumerConfig    : ConsumerConfig values: 
	auto.commit.interval.ms = 100
	auto.offset.reset = latest
	bootstrap.servers = [localhost:9092]
	check.crcs = true
	client.id = 
	connections.max.idle.ms = 540000
	default.api.timeout.ms = 60000
	enable.auto.commit = false
	exclude.internal.topics = true
	fetch.max.bytes = 52428800
	fetch.max.wait.ms = 500
	fetch.min.bytes = 1
	group.id = graphService
	heartbeat.interval.ms = 3000
	interceptor.classes = []
	internal.leave.group.on.close = true
	isolation.level = read_uncommitted
	key.deserializer = class org.apache.kafka.common.serialization.StringDeserializer
	max.partition.fetch.bytes = 1048576
	max.poll.interval.ms = 300000
	max.poll.records = 500
	metadata.max.age.ms = 300000
	metric.reporters = []
	metrics.num.samples = 2
	metrics.recording.level = INFO
	metrics.sample.window.ms = 30000
	partition.assignment.strategy = [class org.apache.kafka.clients.consumer.RangeAssignor]
	receive.buffer.bytes = 65536
	reconnect.backoff.max.ms = 1000
	reconnect.backoff.ms = 50
	request.timeout.ms = 30000
	retry.backoff.ms = 100
	sasl.client.callback.handler.class = null
	sasl.jaas.config = null
	sasl.kerberos.kinit.cmd = /usr/bin/kinit
	sasl.kerberos.min.time.before.relogin = 60000
	sasl.kerberos.service.name = null
	sasl.kerberos.ticket.renew.jitter = 0.05
	sasl.kerberos.ticket.renew.window.factor = 0.8
	sasl.login.callback.handler.class = null
	sasl.login.class = null
	sasl.login.refresh.buffer.seconds = 300
	sasl.login.refresh.min.period.seconds = 60
	sasl.login.refresh.window.factor = 0.8
	sasl.login.refresh.window.jitter = 0.05
	sasl.mechanism = GSSAPI
	security.protocol = PLAINTEXT
	send.buffer.bytes = 131072
	session.timeout.ms = 10000
	ssl.cipher.suites = null
	ssl.enabled.protocols = [TLSv1.2, TLSv1.1, TLSv1]
	ssl.endpoint.identification.algorithm = https
	ssl.key.password = null
	ssl.keymanager.algorithm = SunX509
	ssl.keystore.location = null
	ssl.keystore.password = null
	ssl.keystore.type = JKS
	ssl.protocol = TLS
	ssl.provider = null
	ssl.secure.random.implementation = null
	ssl.trustmanager.algorithm = PKIX
	ssl.truststore.location = null
	ssl.truststore.password = null
	ssl.truststore.type = JKS
	value.deserializer = class org.apache.kafka.common.serialization.ByteArrayDeserializer

2025-11-25 13:10:22.706  INFO 60422 --- [           main] o.a.kafka.common.utils.AppInfoParser     : Kafka version : 2.0.1
2025-11-25 13:10:22.706  INFO 60422 --- [           main] o.a.kafka.common.utils.AppInfoParser     : Kafka commitId : fa14705e51bd2ce5
2025-11-25 13:10:22.709  INFO 60422 --- [           main] o.s.s.c.ThreadPoolTaskScheduler          : Initializing ExecutorService
2025-11-25 13:10:22.710  INFO 60414 --- [           main] o.s.i.monitor.IntegrationMBeanExporter   : Registering MessageHandler errorLogger
2025-11-25 13:10:22.716  INFO 60422 --- [           main] s.i.k.i.KafkaMessageDrivenChannelAdapter : started org.springframework.integration.kafka.inbound.KafkaMessageDrivenChannelAdapter@43f8c8ce
2025-11-25 13:10:22.729  INFO 60422 --- [container-0-C-1] org.apache.kafka.clients.Metadata        : Cluster ID: 4Osa3nqtRZOLhk8BPS6Hpg
2025-11-25 13:10:22.736  INFO 60422 --- [container-0-C-1] o.a.k.c.c.internals.AbstractCoordinator  : [Consumer clientId=consumer-3, groupId=graphService] Discovered group coordinator 127.0.0.1:9092 (id: 2147482646 rack: null)
2025-11-25 13:10:22.740  INFO 60422 --- [container-0-C-1] o.a.k.c.c.internals.ConsumerCoordinator  : [Consumer clientId=consumer-3, groupId=graphService] Revoking previously assigned partitions []
2025-11-25 13:10:22.740  INFO 60422 --- [container-0-C-1] o.s.c.s.b.k.KafkaMessageChannelBinder$1  : partitions revoked: []
2025-11-25 13:10:22.740  INFO 60422 --- [container-0-C-1] o.a.k.c.c.internals.AbstractCoordinator  : [Consumer clientId=consumer-3, groupId=graphService] (Re-)joining group
2025-11-25 13:10:22.744  INFO 60414 --- [           main] o.s.i.endpoint.EventDrivenConsumer       : Adding {logging-channel-adapter:_org.springframework.integration.errorLogger} as a subscriber to the 'errorChannel' channel
2025-11-25 13:10:22.744  INFO 60414 --- [           main] o.s.i.channel.PublishSubscribeChannel    : Channel 'application-1.errorChannel' has 1 subscriber(s).
2025-11-25 13:10:22.744  INFO 60414 --- [           main] o.s.i.endpoint.EventDrivenConsumer       : started _org.springframework.integration.errorLogger
2025-11-25 13:10:22.749 ERROR 60422 --- [           main] org.apache.catalina.util.LifecycleBase   : Failed to start component [Connector[HTTP/1.1-8002]]

org.apache.catalina.LifecycleException: Protocol handler start failed
	at org.apache.catalina.connector.Connector.startInternal(Connector.java:1008) ~[tomcat-embed-core-9.0.17.jar:9.0.17]
	at org.apache.catalina.util.LifecycleBase.start(LifecycleBase.java:183) ~[tomcat-embed-core-9.0.17.jar:9.0.17]
	at org.apache.catalina.core.StandardService.addConnector(StandardService.java:226) ~[tomcat-embed-core-9.0.17.jar:9.0.17]
	at org.springframework.boot.web.embedded.tomcat.TomcatWebServer.addPreviouslyRemovedConnectors(TomcatWebServer.java:259) ~[spring-boot-2.1.4.RELEASE.jar:2.1.4.RELEASE]
	at org.springframework.boot.web.embedded.tomcat.TomcatWebServer.start(TomcatWebServer.java:197) ~[spring-boot-2.1.4.RELEASE.jar:2.1.4.RELEASE]
	at org.springframework.boot.web.servlet.context.ServletWebServerApplicationContext.startWebServer(ServletWebServerApplicationContext.java:311) ~[spring-boot-2.1.4.RELEASE.jar:2.1.4.RELEASE]
	at org.springframework.boot.web.servlet.context.ServletWebServerApplicationContext.finishRefresh(ServletWebServerApplicationContext.java:164) ~[spring-boot-2.1.4.RELEASE.jar:2.1.4.RELEASE]
	at org.springframework.context.support.AbstractApplicationContext.refresh(AbstractApplicationContext.java:552) ~[spring-context-5.1.6.RELEASE.jar:5.1.6.RELEASE]
	at org.springframework.boot.web.servlet.context.ServletWebServerApplicationContext.refresh(ServletWebServerApplicationContext.java:142) ~[spring-boot-2.1.4.RELEASE.jar:2.1.4.RELEASE]
	at org.springframework.boot.SpringApplication.refresh(SpringApplication.java:775) ~[spring-boot-2.1.4.RELEASE.jar:2.1.4.RELEASE]
	at org.springframework.boot.SpringApplication.refreshContext(SpringApplication.java:397) ~[spring-boot-2.1.4.RELEASE.jar:2.1.4.RELEASE]
	at org.springframework.boot.SpringApplication.run(SpringApplication.java:316) ~[spring-boot-2.1.4.RELEASE.jar:2.1.4.RELEASE]
	at org.springframework.boot.SpringApplication.run(SpringApplication.java:1260) ~[spring-boot-2.1.4.RELEASE.jar:2.1.4.RELEASE]
	at org.springframework.boot.SpringApplication.run(SpringApplication.java:1248) ~[spring-boot-2.1.4.RELEASE.jar:2.1.4.RELEASE]
	at com.clone.instagram.instagraphservice.InstaGraphServiceApplication.main(InstaGraphServiceApplication.java:13) ~[classes/:na]
	at java.base/jdk.internal.reflect.NativeMethodAccessorImpl.invoke0(Native Method) ~[na:na]
	at java.base/jdk.internal.reflect.NativeMethodAccessorImpl.invoke(NativeMethodAccessorImpl.java:62) ~[na:na]
	at java.base/jdk.internal.reflect.DelegatingMethodAccessorImpl.invoke(DelegatingMethodAccessorImpl.java:43) ~[na:na]
	at java.base/java.lang.reflect.Method.invoke(Method.java:566) ~[na:na]
	at org.springframework.boot.maven.AbstractRunMojo$LaunchRunner.run(AbstractRunMojo.java:558) ~[na:na]
	at java.base/java.lang.Thread.run(Thread.java:829) ~[na:na]
Caused by: java.net.BindException: Address already in use
	at java.base/sun.nio.ch.Net.bind0(Native Method) ~[na:na]
	at java.base/sun.nio.ch.Net.bind(Net.java:459) ~[na:na]
	at java.base/sun.nio.ch.Net.bind(Net.java:448) ~[na:na]
	at java.base/sun.nio.ch.ServerSocketChannelImpl.bind(ServerSocketChannelImpl.java:227) ~[na:na]
	at java.base/sun.nio.ch.ServerSocketAdaptor.bind(ServerSocketAdaptor.java:80) ~[na:na]
	at org.apache.tomcat.util.net.NioEndpoint.initServerSocket(NioEndpoint.java:236) ~[tomcat-embed-core-9.0.17.jar:9.0.17]
	at org.apache.tomcat.util.net.NioEndpoint.bind(NioEndpoint.java:210) ~[tomcat-embed-core-9.0.17.jar:9.0.17]
	at org.apache.tomcat.util.net.AbstractEndpoint.bindWithCleanup(AbstractEndpoint.java:1103) ~[tomcat-embed-core-9.0.17.jar:9.0.17]
	at org.apache.tomcat.util.net.AbstractEndpoint.start(AbstractEndpoint.java:1189) ~[tomcat-embed-core-9.0.17.jar:9.0.17]
	at org.apache.coyote.AbstractProtocol.start(AbstractProtocol.java:568) ~[tomcat-embed-core-9.0.17.jar:9.0.17]
	at org.apache.catalina.connector.Connector.startInternal(Connector.java:1005) ~[tomcat-embed-core-9.0.17.jar:9.0.17]
	... 20 common frames omitted

2025-11-25 13:10:22.751  INFO 60422 --- [           main] o.apache.catalina.core.StandardService   : Stopping service [Tomcat]
2025-11-25 13:10:22.759  INFO 60422 --- [           main] ConditionEvaluationReportLoggingListener : 

Error starting ApplicationContext. To display the conditions report re-run your application with 'debug' enabled.
2025-11-25 13:10:22.760  INFO 60422 --- [           main] o.s.c.n.e.s.EurekaServiceRegistry        : Unregistering application INSTA-GRAPH with eureka with status DOWN
2025-11-25 13:10:22.760  WARN 60422 --- [           main] com.netflix.discovery.DiscoveryClient    : Saw local status change event StatusChangeEvent [timestamp=1764105022760, current=DOWN, previous=UP]
2025-11-25 13:10:22.760  INFO 60422 --- [nfoReplicator-0] com.netflix.discovery.DiscoveryClient    : DiscoveryClient_INSTA-GRAPH/10.242.199.35:insta-graph:8002: registering service...
2025-11-25 13:10:22.765  INFO 60422 --- [container-0-C-1] o.s.s.c.ThreadPoolTaskScheduler          : Shutting down ExecutorService
2025-11-25 13:10:22.765  INFO 60422 --- [nfoReplicator-0] com.netflix.discovery.DiscoveryClient    : DiscoveryClient_INSTA-GRAPH/10.242.199.35:insta-graph:8002 - registration status: 204
2025-11-25 13:10:22.796  INFO 60416 --- [           main] com.netflix.discovery.DiscoveryClient    : Unregistering ...
2025-11-25 13:10:22.807  INFO 60416 --- [           main] com.netflix.discovery.DiscoveryClient    : DiscoveryClient_INSTA-GATEWAY/10.242.199.35:insta-gateway:8762 - deregister  status: 200
2025-11-25 13:10:22.819  INFO 60416 --- [           main] com.netflix.discovery.DiscoveryClient    : Completed shut down of DiscoveryClient
2025-11-25 13:10:22.823 ERROR 60416 --- [           main] o.s.b.d.LoggingFailureAnalysisReporter   : 

***************************
APPLICATION FAILED TO START
***************************

Description:

The Tomcat connector configured to listen on port 8762 failed to start. The port may already be in use or the connector may be misconfigured.

Action:

Verify the connector's configuration, identify and stop any process that's listening on port 8762, or configure this application to listen on another port.

[WARNING] 
java.lang.reflect.InvocationTargetException
    at jdk.internal.reflect.NativeMethodAccessorImpl.invoke0 (Native Method)
    at jdk.internal.reflect.NativeMethodAccessorImpl.invoke (NativeMethodAccessorImpl.java:62)
    at jdk.internal.reflect.DelegatingMethodAccessorImpl.invoke (DelegatingMethodAccessorImpl.java:43)
    at java.lang.reflect.Method.invoke (Method.java:566)
    at org.springframework.boot.maven.AbstractRunMojo$LaunchRunner.run (AbstractRunMojo.java:558)
    at java.lang.Thread.run (Thread.java:829)
Caused by: org.springframework.boot.web.embedded.tomcat.ConnectorStartFailedException: Connector configured to listen on port 8762 failed to start
    at org.springframework.boot.web.embedded.tomcat.TomcatWebServer.checkConnectorHasStarted (TomcatWebServer.java:232)
    at org.springframework.boot.web.embedded.tomcat.TomcatWebServer.checkThatConnectorsHaveStarted (TomcatWebServer.java:224)
    at org.springframework.boot.web.embedded.tomcat.TomcatWebServer.start (TomcatWebServer.java:202)
    at org.springframework.boot.web.servlet.context.ServletWebServerApplicationContext.startWebServer (ServletWebServerApplicationContext.java:311)
    at org.springframework.boot.web.servlet.context.ServletWebServerApplicationContext.finishRefresh (ServletWebServerApplicationContext.java:164)
    at org.springframework.context.support.AbstractApplicationContext.refresh (AbstractApplicationContext.java:552)
    at org.springframework.boot.web.servlet.context.ServletWebServerApplicationContext.refresh (ServletWebServerApplicationContext.java:142)
    at org.springframework.boot.SpringApplication.refresh (SpringApplication.java:775)
    at org.springframework.boot.SpringApplication.refreshContext (SpringApplication.java:397)
    at org.springframework.boot.SpringApplication.run (SpringApplication.java:316)
    at org.springframework.boot.SpringApplication.run (SpringApplication.java:1260)
    at org.springframework.boot.SpringApplication.run (SpringApplication.java:1248)
    at com.clone.instagram.instaapigateway.InstaApiGatewayApplication.main (InstaApiGatewayApplication.java:15)
    at jdk.internal.reflect.NativeMethodAccessorImpl.invoke0 (Native Method)
    at jdk.internal.reflect.NativeMethodAccessorImpl.invoke (NativeMethodAccessorImpl.java:62)
    at jdk.internal.reflect.DelegatingMethodAccessorImpl.invoke (DelegatingMethodAccessorImpl.java:43)
    at java.lang.reflect.Method.invoke (Method.java:566)
    at org.springframework.boot.maven.AbstractRunMojo$LaunchRunner.run (AbstractRunMojo.java:558)
    at java.lang.Thread.run (Thread.java:829)
[INFO] ------------------------------------------------------------------------
[INFO] BUILD FAILURE
[INFO] ------------------------------------------------------------------------
[INFO] Total time:  16.786 s
[INFO] Finished at: 2025-11-25T13:10:22-08:00
[INFO] ------------------------------------------------------------------------
[ERROR] Failed to execute goal org.springframework.boot:spring-boot-maven-plugin:2.1.4.RELEASE:run (default-cli) on project insta-api-gateway: An exception occurred while running. null: InvocationTargetException: Connector configured to listen on port 8762 failed to start -> [Help 1]
[ERROR] 
[ERROR] To see the full stack trace of the errors, re-run Maven with the -e switch.
[ERROR] Re-run Maven using the -X switch to enable full debug logging.
[ERROR] 
[ERROR] For more information about the errors and possible solutions, please read the following articles:
[ERROR] [Help 1] http://cwiki.apache.org/confluence/display/MAVEN/MojoExecutionException
2025-11-25 13:10:22.864  INFO 60421 --- [           main] o.s.c.s.b.k.p.KafkaTopicProvisioner      : Using kafka topic for outbound: moments.post.changed
2025-11-25 13:10:22.869  INFO 60421 --- [           main] o.a.k.clients.admin.AdminClientConfig    : AdminClientConfig values: 
	bootstrap.servers = [localhost:9092]
	client.id = 
	connections.max.idle.ms = 300000
	metadata.max.age.ms = 300000
	metric.reporters = []
	metrics.num.samples = 2
	metrics.recording.level = INFO
	metrics.sample.window.ms = 30000
	receive.buffer.bytes = 65536
	reconnect.backoff.max.ms = 1000
	reconnect.backoff.ms = 50
	request.timeout.ms = 120000
	retries = 5
	retry.backoff.ms = 100
	sasl.client.callback.handler.class = null
	sasl.jaas.config = null
	sasl.kerberos.kinit.cmd = /usr/bin/kinit
	sasl.kerberos.min.time.before.relogin = 60000
	sasl.kerberos.service.name = null
	sasl.kerberos.ticket.renew.jitter = 0.05
	sasl.kerberos.ticket.renew.window.factor = 0.8
	sasl.login.callback.handler.class = null
	sasl.login.class = null
	sasl.login.refresh.buffer.seconds = 300
	sasl.login.refresh.min.period.seconds = 60
	sasl.login.refresh.window.factor = 0.8
	sasl.login.refresh.window.jitter = 0.05
	sasl.mechanism = GSSAPI
	security.protocol = PLAINTEXT
	send.buffer.bytes = 131072
	ssl.cipher.suites = null
	ssl.enabled.protocols = [TLSv1.2, TLSv1.1, TLSv1]
	ssl.endpoint.identification.algorithm = https
	ssl.key.password = null
	ssl.keymanager.algorithm = SunX509
	ssl.keystore.location = null
	ssl.keystore.password = null
	ssl.keystore.type = JKS
	ssl.protocol = TLS
	ssl.provider = null
	ssl.secure.random.implementation = null
	ssl.trustmanager.algorithm = PKIX
	ssl.truststore.location = null
	ssl.truststore.password = null
	ssl.truststore.type = JKS

2025-11-25 13:10:22.910  INFO 60421 --- [           main] o.a.kafka.common.utils.AppInfoParser     : Kafka version : 2.0.1
2025-11-25 13:10:22.911  INFO 60421 --- [           main] o.a.kafka.common.utils.AppInfoParser     : Kafka commitId : fa14705e51bd2ce5
2025-11-25 13:10:22.927  INFO 60414 --- [           main] o.s.c.s.b.k.p.KafkaTopicProvisioner      : Using kafka topic for outbound: moments.user.changed
2025-11-25 13:10:22.930  INFO 60414 --- [           main] o.a.k.clients.admin.AdminClientConfig    : AdminClientConfig values: 
	bootstrap.servers = [localhost:9092]
	client.id = 
	connections.max.idle.ms = 300000
	metadata.max.age.ms = 300000
	metric.reporters = []
	metrics.num.samples = 2
	metrics.recording.level = INFO
	metrics.sample.window.ms = 30000
	receive.buffer.bytes = 65536
	reconnect.backoff.max.ms = 1000
	reconnect.backoff.ms = 50
	request.timeout.ms = 120000
	retries = 5
	retry.backoff.ms = 100
	sasl.client.callback.handler.class = null
	sasl.jaas.config = null
	sasl.kerberos.kinit.cmd = /usr/bin/kinit
	sasl.kerberos.min.time.before.relogin = 60000
	sasl.kerberos.service.name = null
	sasl.kerberos.ticket.renew.jitter = 0.05
	sasl.kerberos.ticket.renew.window.factor = 0.8
	sasl.login.callback.handler.class = null
	sasl.login.class = null
	sasl.login.refresh.buffer.seconds = 300
	sasl.login.refresh.min.period.seconds = 60
	sasl.login.refresh.window.factor = 0.8
	sasl.login.refresh.window.jitter = 0.05
	sasl.mechanism = GSSAPI
	security.protocol = PLAINTEXT
	send.buffer.bytes = 131072
	ssl.cipher.suites = null
	ssl.enabled.protocols = [TLSv1.2, TLSv1.1, TLSv1]
	ssl.endpoint.identification.algorithm = https
	ssl.key.password = null
	ssl.keymanager.algorithm = SunX509
	ssl.keystore.location = null
	ssl.keystore.password = null
	ssl.keystore.type = JKS
	ssl.protocol = TLS
	ssl.provider = null
	ssl.secure.random.implementation = null
	ssl.trustmanager.algorithm = PKIX
	ssl.truststore.location = null
	ssl.truststore.password = null
	ssl.truststore.type = JKS

2025-11-25 13:10:22.973  INFO 60414 --- [           main] o.a.kafka.common.utils.AppInfoParser     : Kafka version : 2.0.1
2025-11-25 13:10:22.973  INFO 60414 --- [           main] o.a.kafka.common.utils.AppInfoParser     : Kafka commitId : fa14705e51bd2ce5
2025-11-25 13:10:23.017  INFO 60421 --- [           main] o.a.k.clients.producer.ProducerConfig    : ProducerConfig values: 
	acks = 1
	batch.size = 16384
	bootstrap.servers = [localhost:9092]
	buffer.memory = 33554432
	client.id = 
	compression.type = none
	connections.max.idle.ms = 540000
	enable.idempotence = false
	interceptor.classes = []
	key.serializer = class org.apache.kafka.common.serialization.StringSerializer
	linger.ms = 0
	max.block.ms = 60000
	max.in.flight.requests.per.connection = 5
	max.request.size = 1048576
	metadata.max.age.ms = 300000
	metric.reporters = []
	metrics.num.samples = 2
	metrics.recording.level = INFO
	metrics.sample.window.ms = 30000
	partitioner.class = class org.apache.kafka.clients.producer.internals.DefaultPartitioner
	receive.buffer.bytes = 32768
	reconnect.backoff.max.ms = 1000
	reconnect.backoff.ms = 50
	request.timeout.ms = 30000
	retries = 0
	retry.backoff.ms = 100
	sasl.client.callback.handler.class = null
	sasl.jaas.config = null
	sasl.kerberos.kinit.cmd = /usr/bin/kinit
	sasl.kerberos.min.time.before.relogin = 60000
	sasl.kerberos.service.name = null
	sasl.kerberos.ticket.renew.jitter = 0.05
	sasl.kerberos.ticket.renew.window.factor = 0.8
	sasl.login.callback.handler.class = null
	sasl.login.class = null
	sasl.login.refresh.buffer.seconds = 300
	sasl.login.refresh.min.period.seconds = 60
	sasl.login.refresh.window.factor = 0.8
	sasl.login.refresh.window.jitter = 0.05
	sasl.mechanism = GSSAPI
	security.protocol = PLAINTEXT
	send.buffer.bytes = 131072
	ssl.cipher.suites = null
	ssl.enabled.protocols = [TLSv1.2, TLSv1.1, TLSv1]
	ssl.endpoint.identification.algorithm = https
	ssl.key.password = null
	ssl.keymanager.algorithm = SunX509
	ssl.keystore.location = null
	ssl.keystore.password = null
	ssl.keystore.type = JKS
	ssl.protocol = TLS
	ssl.provider = null
	ssl.secure.random.implementation = null
	ssl.trustmanager.algorithm = PKIX
	ssl.truststore.location = null
	ssl.truststore.password = null
	ssl.truststore.type = JKS
	transaction.timeout.ms = 60000
	transactional.id = null
	value.serializer = class org.apache.kafka.common.serialization.ByteArraySerializer

2025-11-25 13:10:23.034  INFO 60421 --- [           main] o.a.kafka.common.utils.AppInfoParser     : Kafka version : 2.0.1
2025-11-25 13:10:23.034  INFO 60421 --- [           main] o.a.kafka.common.utils.AppInfoParser     : Kafka commitId : fa14705e51bd2ce5
2025-11-25 13:10:23.041  INFO 60421 --- [ad | producer-1] org.apache.kafka.clients.Metadata        : Cluster ID: 4Osa3nqtRZOLhk8BPS6Hpg
2025-11-25 13:10:23.042  INFO 60421 --- [           main] o.a.k.clients.producer.KafkaProducer     : [Producer clientId=producer-1] Closing the Kafka producer with timeoutMillis = 30000 ms.
2025-11-25 13:10:23.052  INFO 60421 --- [           main] o.s.c.s.m.DirectWithAttributesChannel    : Channel 'application-1.momentsPostChanged' has 1 subscriber(s).
2025-11-25 13:10:23.063  INFO 60421 --- [           main] o.s.c.n.eureka.InstanceInfoFactory       : Setting initial instance status as: STARTING
2025-11-25 13:10:23.083  INFO 60414 --- [           main] o.a.k.clients.producer.ProducerConfig    : ProducerConfig values: 
	acks = 1
	batch.size = 16384
	bootstrap.servers = [localhost:9092]
	buffer.memory = 33554432
	client.id = 
	compression.type = none
	connections.max.idle.ms = 540000
	enable.idempotence = false
	interceptor.classes = []
	key.serializer = class org.apache.kafka.common.serialization.StringSerializer
	linger.ms = 0
	max.block.ms = 60000
	max.in.flight.requests.per.connection = 5
	max.request.size = 1048576
	metadata.max.age.ms = 300000
	metric.reporters = []
	metrics.num.samples = 2
	metrics.recording.level = INFO
	metrics.sample.window.ms = 30000
	partitioner.class = class org.apache.kafka.clients.producer.internals.DefaultPartitioner
	receive.buffer.bytes = 32768
	reconnect.backoff.max.ms = 1000
	reconnect.backoff.ms = 50
	request.timeout.ms = 30000
	retries = 0
	retry.backoff.ms = 100
	sasl.client.callback.handler.class = null
	sasl.jaas.config = null
	sasl.kerberos.kinit.cmd = /usr/bin/kinit
	sasl.kerberos.min.time.before.relogin = 60000
	sasl.kerberos.service.name = null
	sasl.kerberos.ticket.renew.jitter = 0.05
	sasl.kerberos.ticket.renew.window.factor = 0.8
	sasl.login.callback.handler.class = null
	sasl.login.class = null
	sasl.login.refresh.buffer.seconds = 300
	sasl.login.refresh.min.period.seconds = 60
	sasl.login.refresh.window.factor = 0.8
	sasl.login.refresh.window.jitter = 0.05
	sasl.mechanism = GSSAPI
	security.protocol = PLAINTEXT
	send.buffer.bytes = 131072
	ssl.cipher.suites = null
	ssl.enabled.protocols = [TLSv1.2, TLSv1.1, TLSv1]
	ssl.endpoint.identification.algorithm = https
	ssl.key.password = null
	ssl.keymanager.algorithm = SunX509
	ssl.keystore.location = null
	ssl.keystore.password = null
	ssl.keystore.type = JKS
	ssl.protocol = TLS
	ssl.provider = null
	ssl.secure.random.implementation = null
	ssl.trustmanager.algorithm = PKIX
	ssl.truststore.location = null
	ssl.truststore.password = null
	ssl.truststore.type = JKS
	transaction.timeout.ms = 60000
	transactional.id = null
	value.serializer = class org.apache.kafka.common.serialization.ByteArraySerializer

2025-11-25 13:10:23.095  INFO 60421 --- [           main] com.netflix.discovery.DiscoveryClient    : Initializing Eureka in region us-east-1
2025-11-25 13:10:23.101  INFO 60414 --- [           main] o.a.kafka.common.utils.AppInfoParser     : Kafka version : 2.0.1
2025-11-25 13:10:23.101  INFO 60414 --- [           main] o.a.kafka.common.utils.AppInfoParser     : Kafka commitId : fa14705e51bd2ce5
2025-11-25 13:10:23.106  INFO 60414 --- [ad | producer-1] org.apache.kafka.clients.Metadata        : Cluster ID: 4Osa3nqtRZOLhk8BPS6Hpg
2025-11-25 13:10:23.107  INFO 60414 --- [           main] o.a.k.clients.producer.KafkaProducer     : [Producer clientId=producer-1] Closing the Kafka producer with timeoutMillis = 30000 ms.
2025-11-25 13:10:23.116  INFO 60414 --- [           main] o.s.integration.channel.DirectChannel    : Channel 'application-1.momentsUserChanged' has 1 subscriber(s).
2025-11-25 13:10:23.119  INFO 60414 --- [           main] o.s.c.n.e.s.EurekaServiceRegistry        : Registering application insta-auth with eureka with status UP
2025-11-25 13:10:23.119  INFO 60414 --- [           main] com.netflix.discovery.DiscoveryClient    : Saw local status change event StatusChangeEvent [timestamp=1764105023119, current=UP, previous=STARTING]
2025-11-25 13:10:23.121  INFO 60414 --- [nfoReplicator-0] com.netflix.discovery.DiscoveryClient    : DiscoveryClient_INSTA-AUTH/10.242.199.35:insta-auth:9000: registering service...
2025-11-25 13:10:23.136 ERROR 60414 --- [           main] org.apache.catalina.util.LifecycleBase   : Failed to start component [Connector[HTTP/1.1-9000]]

org.apache.catalina.LifecycleException: Protocol handler start failed
	at org.apache.catalina.connector.Connector.startInternal(Connector.java:1008) ~[tomcat-embed-core-9.0.16.jar:9.0.16]
	at org.apache.catalina.util.LifecycleBase.start(LifecycleBase.java:183) ~[tomcat-embed-core-9.0.16.jar:9.0.16]
	at org.apache.catalina.core.StandardService.addConnector(StandardService.java:226) ~[tomcat-embed-core-9.0.16.jar:9.0.16]
	at org.springframework.boot.web.embedded.tomcat.TomcatWebServer.addPreviouslyRemovedConnectors(TomcatWebServer.java:259) ~[spring-boot-2.1.3.RELEASE.jar:2.1.3.RELEASE]
	at org.springframework.boot.web.embedded.tomcat.TomcatWebServer.start(TomcatWebServer.java:197) ~[spring-boot-2.1.3.RELEASE.jar:2.1.3.RELEASE]
	at org.springframework.boot.web.servlet.context.ServletWebServerApplicationContext.startWebServer(ServletWebServerApplicationContext.java:311) ~[spring-boot-2.1.3.RELEASE.jar:2.1.3.RELEASE]
	at org.springframework.boot.web.servlet.context.ServletWebServerApplicationContext.finishRefresh(ServletWebServerApplicationContext.java:164) ~[spring-boot-2.1.3.RELEASE.jar:2.1.3.RELEASE]
	at org.springframework.context.support.AbstractApplicationContext.refresh(AbstractApplicationContext.java:552) ~[spring-context-5.1.5.RELEASE.jar:5.1.5.RELEASE]
	at org.springframework.boot.web.servlet.context.ServletWebServerApplicationContext.refresh(ServletWebServerApplicationContext.java:142) ~[spring-boot-2.1.3.RELEASE.jar:2.1.3.RELEASE]
	at org.springframework.boot.SpringApplication.refresh(SpringApplication.java:775) ~[spring-boot-2.1.3.RELEASE.jar:2.1.3.RELEASE]
	at org.springframework.boot.SpringApplication.refreshContext(SpringApplication.java:397) ~[spring-boot-2.1.3.RELEASE.jar:2.1.3.RELEASE]
	at org.springframework.boot.SpringApplication.run(SpringApplication.java:316) ~[spring-boot-2.1.3.RELEASE.jar:2.1.3.RELEASE]
	at org.springframework.boot.SpringApplication.run(SpringApplication.java:1260) ~[spring-boot-2.1.3.RELEASE.jar:2.1.3.RELEASE]
	at org.springframework.boot.SpringApplication.run(SpringApplication.java:1248) ~[spring-boot-2.1.3.RELEASE.jar:2.1.3.RELEASE]
	at com.clone.instagram.authservice.AuthServiceApplication.main(AuthServiceApplication.java:15) ~[classes/:na]
	at java.base/jdk.internal.reflect.NativeMethodAccessorImpl.invoke0(Native Method) ~[na:na]
	at java.base/jdk.internal.reflect.NativeMethodAccessorImpl.invoke(NativeMethodAccessorImpl.java:62) ~[na:na]
	at java.base/jdk.internal.reflect.DelegatingMethodAccessorImpl.invoke(DelegatingMethodAccessorImpl.java:43) ~[na:na]
	at java.base/java.lang.reflect.Method.invoke(Method.java:566) ~[na:na]
	at org.springframework.boot.maven.AbstractRunMojo$LaunchRunner.run(AbstractRunMojo.java:558) ~[na:na]
	at java.base/java.lang.Thread.run(Thread.java:829) ~[na:na]
Caused by: java.net.BindException: Address already in use
	at java.base/sun.nio.ch.Net.bind0(Native Method) ~[na:na]
	at java.base/sun.nio.ch.Net.bind(Net.java:459) ~[na:na]
	at java.base/sun.nio.ch.Net.bind(Net.java:448) ~[na:na]
	at java.base/sun.nio.ch.ServerSocketChannelImpl.bind(ServerSocketChannelImpl.java:227) ~[na:na]
	at java.base/sun.nio.ch.ServerSocketAdaptor.bind(ServerSocketAdaptor.java:80) ~[na:na]
	at org.apache.tomcat.util.net.NioEndpoint.initServerSocket(NioEndpoint.java:236) ~[tomcat-embed-core-9.0.16.jar:9.0.16]
	at org.apache.tomcat.util.net.NioEndpoint.bind(NioEndpoint.java:210) ~[tomcat-embed-core-9.0.16.jar:9.0.16]
	at org.apache.tomcat.util.net.AbstractEndpoint.bindWithCleanup(AbstractEndpoint.java:1085) ~[tomcat-embed-core-9.0.16.jar:9.0.16]
	at org.apache.tomcat.util.net.AbstractEndpoint.start(AbstractEndpoint.java:1171) ~[tomcat-embed-core-9.0.16.jar:9.0.16]
	at org.apache.coyote.AbstractProtocol.start(AbstractProtocol.java:568) ~[tomcat-embed-core-9.0.16.jar:9.0.16]
	at org.apache.catalina.connector.Connector.startInternal(Connector.java:1005) ~[tomcat-embed-core-9.0.16.jar:9.0.16]
	... 20 common frames omitted

2025-11-25 13:10:23.141  INFO 60414 --- [           main] o.apache.catalina.core.StandardService   : Stopping service [Tomcat]
2025-11-25 13:10:23.148  INFO 60414 --- [           main] ConditionEvaluationReportLoggingListener : 

Error starting ApplicationContext. To display the conditions report re-run your application with 'debug' enabled.
2025-11-25 13:10:23.149 ERROR 60414 --- [           main] o.s.b.d.LoggingFailureAnalysisReporter   : 

***************************
APPLICATION FAILED TO START
***************************

Description:

The Tomcat connector configured to listen on port 9000 failed to start. The port may already be in use or the connector may be misconfigured.

Action:

Verify the connector's configuration, identify and stop any process that's listening on port 9000, or configure this application to listen on another port.

2025-11-25 13:10:23.150  INFO 60414 --- [           main] o.s.c.n.e.s.EurekaServiceRegistry        : Unregistering application insta-auth with eureka with status DOWN
2025-11-25 13:10:23.150  WARN 60414 --- [           main] com.netflix.discovery.DiscoveryClient    : Saw local status change event StatusChangeEvent [timestamp=1764105023150, current=DOWN, previous=UP]
2025-11-25 13:10:23.153  INFO 60414 --- [           main] o.s.i.endpoint.EventDrivenConsumer       : Removing {logging-channel-adapter:_org.springframework.integration.errorLogger} as a subscriber to the 'errorChannel' channel
2025-11-25 13:10:23.153  INFO 60414 --- [           main] o.s.i.channel.PublishSubscribeChannel    : Channel 'application-1.errorChannel' has 0 subscriber(s).
2025-11-25 13:10:23.153  INFO 60414 --- [           main] o.s.i.endpoint.EventDrivenConsumer       : stopped _org.springframework.integration.errorLogger
2025-11-25 13:10:23.153  INFO 60414 --- [nfoReplicator-0] com.netflix.discovery.DiscoveryClient    : DiscoveryClient_INSTA-AUTH/10.242.199.35:insta-auth:9000 - registration status: 204
2025-11-25 13:10:23.153  INFO 60414 --- [nfoReplicator-0] com.netflix.discovery.DiscoveryClient    : DiscoveryClient_INSTA-AUTH/10.242.199.35:insta-auth:9000: registering service...
2025-11-25 13:10:23.154  INFO 60414 --- [           main] o.s.s.c.ThreadPoolTaskScheduler          : Shutting down ExecutorService 'taskScheduler'
2025-11-25 13:10:23.156  INFO 60414 --- [           main] o.s.s.concurrent.ThreadPoolTaskExecutor  : Shutting down ExecutorService 'applicationTaskExecutor'
2025-11-25 13:10:23.157  INFO 60421 --- [           main] c.n.d.provider.DiscoveryJerseyProvider   : Using JSON encoding codec LegacyJacksonJson
2025-11-25 13:10:23.157  INFO 60421 --- [           main] c.n.d.provider.DiscoveryJerseyProvider   : Using JSON decoding codec LegacyJacksonJson
2025-11-25 13:10:23.158  INFO 60414 --- [nfoReplicator-0] com.netflix.discovery.DiscoveryClient    : DiscoveryClient_INSTA-AUTH/10.242.199.35:insta-auth:9000 - registration status: 204
2025-11-25 13:10:23.159  INFO 60414 --- [           main] o.s.i.monitor.IntegrationMBeanExporter   : Summary on shutdown: nullChannel
2025-11-25 13:10:23.160  INFO 60414 --- [           main] o.s.i.monitor.IntegrationMBeanExporter   : Summary on shutdown: momentsUserChanged
2025-11-25 13:10:23.160  INFO 60414 --- [           main] o.s.i.monitor.IntegrationMBeanExporter   : Summary on shutdown: errorChannel
2025-11-25 13:10:23.160  INFO 60414 --- [           main] o.s.i.monitor.IntegrationMBeanExporter   : Summary on shutdown: _org.springframework.integration.errorLogger.handler
2025-11-25 13:10:23.161  INFO 60414 --- [           main] com.netflix.discovery.DiscoveryClient    : Shutting down DiscoveryClient ...
2025-11-25 13:10:23.162  WARN 60414 --- [           main] .s.c.a.CommonAnnotationBeanPostProcessor : Destroy method on bean with name 'scopedTarget.eurekaClient' threw an exception: org.springframework.beans.factory.BeanCreationNotAllowedException: Error creating bean with name 'eurekaInstanceConfigBean': Singleton bean creation not allowed while singletons of this factory are in destruction (Do not request a bean from a BeanFactory in a destroy method implementation!)
[WARNING] 
java.lang.reflect.InvocationTargetException
    at jdk.internal.reflect.NativeMethodAccessorImpl.invoke0 (Native Method)
    at jdk.internal.reflect.NativeMethodAccessorImpl.invoke (NativeMethodAccessorImpl.java:62)
    at jdk.internal.reflect.DelegatingMethodAccessorImpl.invoke (DelegatingMethodAccessorImpl.java:43)
    at java.lang.reflect.Method.invoke (Method.java:566)
    at org.springframework.boot.maven.AbstractRunMojo$LaunchRunner.run (AbstractRunMojo.java:558)
    at java.lang.Thread.run (Thread.java:829)
Caused by: org.springframework.boot.web.embedded.tomcat.ConnectorStartFailedException: Connector configured to listen on port 9000 failed to start
    at org.springframework.boot.web.embedded.tomcat.TomcatWebServer.checkConnectorHasStarted (TomcatWebServer.java:232)
    at org.springframework.boot.web.embedded.tomcat.TomcatWebServer.checkThatConnectorsHaveStarted (TomcatWebServer.java:224)
    at org.springframework.boot.web.embedded.tomcat.TomcatWebServer.start (TomcatWebServer.java:202)
    at org.springframework.boot.web.servlet.context.ServletWebServerApplicationContext.startWebServer (ServletWebServerApplicationContext.java:311)
    at org.springframework.boot.web.servlet.context.ServletWebServerApplicationContext.finishRefresh (ServletWebServerApplicationContext.java:164)
    at org.springframework.context.support.AbstractApplicationContext.refresh (AbstractApplicationContext.java:552)
    at org.springframework.boot.web.servlet.context.ServletWebServerApplicationContext.refresh (ServletWebServerApplicationContext.java:142)
    at org.springframework.boot.SpringApplication.refresh (SpringApplication.java:775)
    at org.springframework.boot.SpringApplication.refreshContext (SpringApplication.java:397)
    at org.springframework.boot.SpringApplication.run (SpringApplication.java:316)
    at org.springframework.boot.SpringApplication.run (SpringApplication.java:1260)
    at org.springframework.boot.SpringApplication.run (SpringApplication.java:1248)
    at com.clone.instagram.authservice.AuthServiceApplication.main (AuthServiceApplication.java:15)
    at jdk.internal.reflect.NativeMethodAccessorImpl.invoke0 (Native Method)
    at jdk.internal.reflect.NativeMethodAccessorImpl.invoke (NativeMethodAccessorImpl.java:62)
    at jdk.internal.reflect.DelegatingMethodAccessorImpl.invoke (DelegatingMethodAccessorImpl.java:43)
    at java.lang.reflect.Method.invoke (Method.java:566)
    at org.springframework.boot.maven.AbstractRunMojo$LaunchRunner.run (AbstractRunMojo.java:558)
    at java.lang.Thread.run (Thread.java:829)
[INFO] ------------------------------------------------------------------------
[INFO] BUILD FAILURE
[INFO] ------------------------------------------------------------------------
[INFO] Total time:  17.021 s
[INFO] Finished at: 2025-11-25T13:10:23-08:00
[INFO] ------------------------------------------------------------------------
[ERROR] Failed to execute goal org.springframework.boot:spring-boot-maven-plugin:2.1.3.RELEASE:run (default-cli) on project auth-service: An exception occurred while running. null: InvocationTargetException: Connector configured to listen on port 9000 failed to start -> [Help 1]
[ERROR] 
[ERROR] To see the full stack trace of the errors, re-run Maven with the -e switch.
[ERROR] Re-run Maven using the -X switch to enable full debug logging.
[ERROR] 
[ERROR] For more information about the errors and possible solutions, please read the following articles:
[ERROR] [Help 1] http://cwiki.apache.org/confluence/display/MAVEN/MojoExecutionException
2025-11-25 13:10:23.269  INFO 60421 --- [           main] c.n.d.provider.DiscoveryJerseyProvider   : Using XML encoding codec XStreamXml
2025-11-25 13:10:23.269  INFO 60421 --- [           main] c.n.d.provider.DiscoveryJerseyProvider   : Using XML decoding codec XStreamXml
2025-11-25 13:10:23.340  INFO 60421 --- [           main] c.n.d.s.r.aws.ConfigClusterResolver      : Resolving eureka endpoints via configuration
2025-11-25 13:10:23.351  INFO 60421 --- [           main] com.netflix.discovery.DiscoveryClient    : Disable delta property : false
2025-11-25 13:10:23.351  INFO 60421 --- [           main] com.netflix.discovery.DiscoveryClient    : Single vip registry refresh property : null
2025-11-25 13:10:23.351  INFO 60421 --- [           main] com.netflix.discovery.DiscoveryClient    : Force full registry fetch : false
2025-11-25 13:10:23.351  INFO 60421 --- [           main] com.netflix.discovery.DiscoveryClient    : Application is null : false
2025-11-25 13:10:23.351  INFO 60421 --- [           main] com.netflix.discovery.DiscoveryClient    : Registered Applications size is zero : true
2025-11-25 13:10:23.351  INFO 60421 --- [           main] com.netflix.discovery.DiscoveryClient    : Application version is -1: true
2025-11-25 13:10:23.351  INFO 60421 --- [           main] com.netflix.discovery.DiscoveryClient    : Getting all instance registry info from the eureka server
2025-11-25 13:10:23.495  INFO 60421 --- [           main] com.netflix.discovery.DiscoveryClient    : The response status is 200
2025-11-25 13:10:23.497  INFO 60421 --- [           main] com.netflix.discovery.DiscoveryClient    : Starting heartbeat executor: renew interval is: 30
2025-11-25 13:10:23.498  INFO 60421 --- [           main] c.n.discovery.InstanceInfoReplicator     : InstanceInfoReplicator onDemand update allowed rate per min is 4
2025-11-25 13:10:23.500  INFO 60421 --- [           main] com.netflix.discovery.DiscoveryClient    : Discovery Client initialized at timestamp 1764105023499 with initial instances count: 6
2025-11-25 13:10:23.501  INFO 60421 --- [           main] o.s.c.n.e.s.EurekaServiceRegistry        : Registering application INSTA-POST with eureka with status UP
2025-11-25 13:10:23.501  INFO 60421 --- [           main] com.netflix.discovery.DiscoveryClient    : Saw local status change event StatusChangeEvent [timestamp=1764105023501, current=UP, previous=STARTING]
2025-11-25 13:10:23.502  INFO 60421 --- [nfoReplicator-0] com.netflix.discovery.DiscoveryClient    : DiscoveryClient_INSTA-POST/10.242.199.35:insta-post:8001: registering service...
2025-11-25 13:10:23.511 ERROR 60421 --- [           main] org.apache.catalina.util.LifecycleBase   : Failed to start component [Connector[HTTP/1.1-8001]]

org.apache.catalina.LifecycleException: Protocol handler start failed
	at org.apache.catalina.connector.Connector.startInternal(Connector.java:1008) ~[tomcat-embed-core-9.0.17.jar:9.0.17]
	at org.apache.catalina.util.LifecycleBase.start(LifecycleBase.java:183) ~[tomcat-embed-core-9.0.17.jar:9.0.17]
	at org.apache.catalina.core.StandardService.addConnector(StandardService.java:226) ~[tomcat-embed-core-9.0.17.jar:9.0.17]
	at org.springframework.boot.web.embedded.tomcat.TomcatWebServer.addPreviouslyRemovedConnectors(TomcatWebServer.java:259) ~[spring-boot-2.1.4.RELEASE.jar:2.1.4.RELEASE]
	at org.springframework.boot.web.embedded.tomcat.TomcatWebServer.start(TomcatWebServer.java:197) ~[spring-boot-2.1.4.RELEASE.jar:2.1.4.RELEASE]
	at org.springframework.boot.web.servlet.context.ServletWebServerApplicationContext.startWebServer(ServletWebServerApplicationContext.java:311) ~[spring-boot-2.1.4.RELEASE.jar:2.1.4.RELEASE]
	at org.springframework.boot.web.servlet.context.ServletWebServerApplicationContext.finishRefresh(ServletWebServerApplicationContext.java:164) ~[spring-boot-2.1.4.RELEASE.jar:2.1.4.RELEASE]
	at org.springframework.context.support.AbstractApplicationContext.refresh(AbstractApplicationContext.java:552) ~[spring-context-5.1.6.RELEASE.jar:5.1.6.RELEASE]
	at org.springframework.boot.web.servlet.context.ServletWebServerApplicationContext.refresh(ServletWebServerApplicationContext.java:142) ~[spring-boot-2.1.4.RELEASE.jar:2.1.4.RELEASE]
	at org.springframework.boot.SpringApplication.refresh(SpringApplication.java:775) ~[spring-boot-2.1.4.RELEASE.jar:2.1.4.RELEASE]
	at org.springframework.boot.SpringApplication.refreshContext(SpringApplication.java:397) ~[spring-boot-2.1.4.RELEASE.jar:2.1.4.RELEASE]
	at org.springframework.boot.SpringApplication.run(SpringApplication.java:316) ~[spring-boot-2.1.4.RELEASE.jar:2.1.4.RELEASE]
	at org.springframework.boot.SpringApplication.run(SpringApplication.java:1260) ~[spring-boot-2.1.4.RELEASE.jar:2.1.4.RELEASE]
	at org.springframework.boot.SpringApplication.run(SpringApplication.java:1248) ~[spring-boot-2.1.4.RELEASE.jar:2.1.4.RELEASE]
	at com.clone.instagram.instapostservice.InstaPostServiceApplication.main(InstaPostServiceApplication.java:17) ~[classes/:na]
	at java.base/jdk.internal.reflect.NativeMethodAccessorImpl.invoke0(Native Method) ~[na:na]
	at java.base/jdk.internal.reflect.NativeMethodAccessorImpl.invoke(NativeMethodAccessorImpl.java:62) ~[na:na]
	at java.base/jdk.internal.reflect.DelegatingMethodAccessorImpl.invoke(DelegatingMethodAccessorImpl.java:43) ~[na:na]
	at java.base/java.lang.reflect.Method.invoke(Method.java:566) ~[na:na]
	at org.springframework.boot.maven.AbstractRunMojo$LaunchRunner.run(AbstractRunMojo.java:558) ~[na:na]
	at java.base/java.lang.Thread.run(Thread.java:829) ~[na:na]
Caused by: java.net.BindException: Address already in use
	at java.base/sun.nio.ch.Net.bind0(Native Method) ~[na:na]
	at java.base/sun.nio.ch.Net.bind(Net.java:459) ~[na:na]
	at java.base/sun.nio.ch.Net.bind(Net.java:448) ~[na:na]
	at java.base/sun.nio.ch.ServerSocketChannelImpl.bind(ServerSocketChannelImpl.java:227) ~[na:na]
	at java.base/sun.nio.ch.ServerSocketAdaptor.bind(ServerSocketAdaptor.java:80) ~[na:na]
	at org.apache.tomcat.util.net.NioEndpoint.initServerSocket(NioEndpoint.java:236) ~[tomcat-embed-core-9.0.17.jar:9.0.17]
	at org.apache.tomcat.util.net.NioEndpoint.bind(NioEndpoint.java:210) ~[tomcat-embed-core-9.0.17.jar:9.0.17]
	at org.apache.tomcat.util.net.AbstractEndpoint.bindWithCleanup(AbstractEndpoint.java:1103) ~[tomcat-embed-core-9.0.17.jar:9.0.17]
	at org.apache.tomcat.util.net.AbstractEndpoint.start(AbstractEndpoint.java:1189) ~[tomcat-embed-core-9.0.17.jar:9.0.17]
	at org.apache.coyote.AbstractProtocol.start(AbstractProtocol.java:568) ~[tomcat-embed-core-9.0.17.jar:9.0.17]
	at org.apache.catalina.connector.Connector.startInternal(Connector.java:1005) ~[tomcat-embed-core-9.0.17.jar:9.0.17]
	... 20 common frames omitted

2025-11-25 13:10:23.513  INFO 60421 --- [           main] o.apache.catalina.core.StandardService   : Stopping service [Tomcat]
2025-11-25 13:10:23.518  INFO 60421 --- [           main] ConditionEvaluationReportLoggingListener : 

Error starting ApplicationContext. To display the conditions report re-run your application with 'debug' enabled.
2025-11-25 13:10:23.519  INFO 60421 --- [           main] o.s.c.n.e.s.EurekaServiceRegistry        : Unregistering application INSTA-POST with eureka with status DOWN
2025-11-25 13:10:23.519  WARN 60421 --- [           main] com.netflix.discovery.DiscoveryClient    : Saw local status change event StatusChangeEvent [timestamp=1764105023519, current=DOWN, previous=UP]
2025-11-25 13:10:23.520  INFO 60421 --- [nfoReplicator-0] com.netflix.discovery.DiscoveryClient    : DiscoveryClient_INSTA-POST/10.242.199.35:insta-post:8001 - registration status: 204
2025-11-25 13:10:23.521  INFO 60421 --- [nfoReplicator-0] com.netflix.discovery.DiscoveryClient    : DiscoveryClient_INSTA-POST/10.242.199.35:insta-post:8001: registering service...
2025-11-25 13:10:23.521  INFO 60421 --- [           main] o.s.i.endpoint.EventDrivenConsumer       : Removing {logging-channel-adapter:_org.springframework.integration.errorLogger} as a subscriber to the 'errorChannel' channel
2025-11-25 13:10:23.521  INFO 60421 --- [           main] o.s.i.channel.PublishSubscribeChannel    : Channel 'application-1.errorChannel' has 0 subscriber(s).
2025-11-25 13:10:23.521  INFO 60421 --- [           main] o.s.i.endpoint.EventDrivenConsumer       : stopped _org.springframework.integration.errorLogger
2025-11-25 13:10:23.521  INFO 60421 --- [           main] o.s.s.c.ThreadPoolTaskScheduler          : Shutting down ExecutorService 'taskScheduler'
2025-11-25 13:10:23.523  INFO 60421 --- [           main] o.s.s.concurrent.ThreadPoolTaskExecutor  : Shutting down ExecutorService 'applicationTaskExecutor'
2025-11-25 13:10:23.524  INFO 60421 --- [nfoReplicator-0] com.netflix.discovery.DiscoveryClient    : DiscoveryClient_INSTA-POST/10.242.199.35:insta-post:8001 - registration status: 204
2025-11-25 13:10:23.525  INFO 60421 --- [           main] org.mongodb.driver.connection            : Closed connection [connectionId{localValue:2}] to localhost:27017 because the pool has been closed.
2025-11-25 13:10:23.527  INFO 60421 --- [           main] o.s.i.monitor.IntegrationMBeanExporter   : Summary on shutdown: momentsPostChanged
2025-11-25 13:10:23.527  INFO 60421 --- [           main] o.s.i.monitor.IntegrationMBeanExporter   : Summary on shutdown: errorChannel
2025-11-25 13:10:23.527  INFO 60421 --- [           main] o.s.i.monitor.IntegrationMBeanExporter   : Summary on shutdown: nullChannel
2025-11-25 13:10:23.527  INFO 60421 --- [           main] o.s.i.monitor.IntegrationMBeanExporter   : Summary on shutdown: _org.springframework.integration.errorLogger.handler
2025-11-25 13:10:23.527  INFO 60421 --- [           main] com.netflix.discovery.DiscoveryClient    : Shutting down DiscoveryClient ...
2025-11-25 13:10:24.801  INFO 60423 --- [           main] o.s.i.monitor.IntegrationMBeanExporter   : Summary on shutdown: moments.post.changed.graphService.errors
2025-11-25 13:10:24.801  INFO 60423 --- [           main] o.s.i.monitor.IntegrationMBeanExporter   : Summary on shutdown: nullChannel
2025-11-25 13:10:24.801  INFO 60423 --- [           main] o.s.i.monitor.IntegrationMBeanExporter   : Summary on shutdown: momentsPostChanged
2025-11-25 13:10:24.801  INFO 60423 --- [           main] o.s.i.monitor.IntegrationMBeanExporter   : Summary on shutdown: errorChannel
2025-11-25 13:10:24.801  INFO 60423 --- [           main] o.s.i.monitor.IntegrationMBeanExporter   : Summary on shutdown: _org.springframework.integration.errorLogger.handler
2025-11-25 13:10:24.804  INFO 60423 --- [           main] com.netflix.discovery.DiscoveryClient    : Shutting down DiscoveryClient ...
2025-11-25 13:10:26.534  INFO 60421 --- [           main] com.netflix.discovery.DiscoveryClient    : Unregistering ...
2025-11-25 13:10:26.565  INFO 60421 --- [           main] com.netflix.discovery.DiscoveryClient    : DiscoveryClient_INSTA-POST/10.242.199.35:insta-post:8001 - deregister  status: 200
2025-11-25 13:10:26.578  INFO 60421 --- [           main] com.netflix.discovery.DiscoveryClient    : Completed shut down of DiscoveryClient
2025-11-25 13:10:26.586 ERROR 60421 --- [           main] o.s.b.d.LoggingFailureAnalysisReporter   : 

***************************
APPLICATION FAILED TO START
***************************

Description:

The Tomcat connector configured to listen on port 8001 failed to start. The port may already be in use or the connector may be misconfigured.

Action:

Verify the connector's configuration, identify and stop any process that's listening on port 8001, or configure this application to listen on another port.

[WARNING] 
java.lang.reflect.InvocationTargetException
    at jdk.internal.reflect.NativeMethodAccessorImpl.invoke0 (Native Method)
    at jdk.internal.reflect.NativeMethodAccessorImpl.invoke (NativeMethodAccessorImpl.java:62)
    at jdk.internal.reflect.DelegatingMethodAccessorImpl.invoke (DelegatingMethodAccessorImpl.java:43)
    at java.lang.reflect.Method.invoke (Method.java:566)
    at org.springframework.boot.maven.AbstractRunMojo$LaunchRunner.run (AbstractRunMojo.java:558)
    at java.lang.Thread.run (Thread.java:829)
Caused by: org.springframework.boot.web.embedded.tomcat.ConnectorStartFailedException: Connector configured to listen on port 8001 failed to start
    at org.springframework.boot.web.embedded.tomcat.TomcatWebServer.checkConnectorHasStarted (TomcatWebServer.java:232)
    at org.springframework.boot.web.embedded.tomcat.TomcatWebServer.checkThatConnectorsHaveStarted (TomcatWebServer.java:224)
    at org.springframework.boot.web.embedded.tomcat.TomcatWebServer.start (TomcatWebServer.java:202)
    at org.springframework.boot.web.servlet.context.ServletWebServerApplicationContext.startWebServer (ServletWebServerApplicationContext.java:311)
    at org.springframework.boot.web.servlet.context.ServletWebServerApplicationContext.finishRefresh (ServletWebServerApplicationContext.java:164)
    at org.springframework.context.support.AbstractApplicationContext.refresh (AbstractApplicationContext.java:552)
    at org.springframework.boot.web.servlet.context.ServletWebServerApplicationContext.refresh (ServletWebServerApplicationContext.java:142)
    at org.springframework.boot.SpringApplication.refresh (SpringApplication.java:775)
    at org.springframework.boot.SpringApplication.refreshContext (SpringApplication.java:397)
    at org.springframework.boot.SpringApplication.run (SpringApplication.java:316)
    at org.springframework.boot.SpringApplication.run (SpringApplication.java:1260)
    at org.springframework.boot.SpringApplication.run (SpringApplication.java:1248)
    at com.clone.instagram.instapostservice.InstaPostServiceApplication.main (InstaPostServiceApplication.java:17)
    at jdk.internal.reflect.NativeMethodAccessorImpl.invoke0 (Native Method)
    at jdk.internal.reflect.NativeMethodAccessorImpl.invoke (NativeMethodAccessorImpl.java:62)
    at jdk.internal.reflect.DelegatingMethodAccessorImpl.invoke (DelegatingMethodAccessorImpl.java:43)
    at java.lang.reflect.Method.invoke (Method.java:566)
    at org.springframework.boot.maven.AbstractRunMojo$LaunchRunner.run (AbstractRunMojo.java:558)
    at java.lang.Thread.run (Thread.java:829)
[INFO] ------------------------------------------------------------------------
[INFO] BUILD FAILURE
[INFO] ------------------------------------------------------------------------
[INFO] Total time:  20.773 s
[INFO] Finished at: 2025-11-25T13:10:26-08:00
[INFO] ------------------------------------------------------------------------
[ERROR] Failed to execute goal org.springframework.boot:spring-boot-maven-plugin:2.1.4.RELEASE:run (default-cli) on project insta-post-service: An exception occurred while running. null: InvocationTargetException: Connector configured to listen on port 8001 failed to start -> [Help 1]
[ERROR] 
[ERROR] To see the full stack trace of the errors, re-run Maven with the -e switch.
[ERROR] Re-run Maven using the -X switch to enable full debug logging.
[ERROR] 
[ERROR] For more information about the errors and possible solutions, please read the following articles:
[ERROR] [Help 1] http://cwiki.apache.org/confluence/display/MAVEN/MojoExecutionException
2025-11-25 13:10:27.811  INFO 60423 --- [           main] com.netflix.discovery.DiscoveryClient    : Unregistering ...
2025-11-25 13:10:27.819  INFO 60423 --- [           main] com.netflix.discovery.DiscoveryClient    : DiscoveryClient_INSTA-FEED/10.242.199.35:insta-feed:8003 - deregister  status: 200
2025-11-25 13:10:27.828  INFO 60423 --- [           main] com.netflix.discovery.DiscoveryClient    : Completed shut down of DiscoveryClient
2025-11-25 13:10:27.832 ERROR 60423 --- [           main] o.s.b.d.LoggingFailureAnalysisReporter   : 

***************************
APPLICATION FAILED TO START
***************************

Description:

The Tomcat connector configured to listen on port 8003 failed to start. The port may already be in use or the connector may be misconfigured.

Action:

Verify the connector's configuration, identify and stop any process that's listening on port 8003, or configure this application to listen on another port.

[WARNING] 
java.lang.reflect.InvocationTargetException
    at jdk.internal.reflect.NativeMethodAccessorImpl.invoke0 (Native Method)
    at jdk.internal.reflect.NativeMethodAccessorImpl.invoke (NativeMethodAccessorImpl.java:62)
    at jdk.internal.reflect.DelegatingMethodAccessorImpl.invoke (DelegatingMethodAccessorImpl.java:43)
    at java.lang.reflect.Method.invoke (Method.java:566)
    at org.springframework.boot.maven.AbstractRunMojo$LaunchRunner.run (AbstractRunMojo.java:558)
    at java.lang.Thread.run (Thread.java:829)
Caused by: org.springframework.boot.web.embedded.tomcat.ConnectorStartFailedException: Connector configured to listen on port 8003 failed to start
    at org.springframework.boot.web.embedded.tomcat.TomcatWebServer.checkConnectorHasStarted (TomcatWebServer.java:232)
    at org.springframework.boot.web.embedded.tomcat.TomcatWebServer.checkThatConnectorsHaveStarted (TomcatWebServer.java:224)
    at org.springframework.boot.web.embedded.tomcat.TomcatWebServer.start (TomcatWebServer.java:202)
    at org.springframework.boot.web.servlet.context.ServletWebServerApplicationContext.startWebServer (ServletWebServerApplicationContext.java:311)
    at org.springframework.boot.web.servlet.context.ServletWebServerApplicationContext.finishRefresh (ServletWebServerApplicationContext.java:164)
    at org.springframework.context.support.AbstractApplicationContext.refresh (AbstractApplicationContext.java:552)
    at org.springframework.boot.web.servlet.context.ServletWebServerApplicationContext.refresh (ServletWebServerApplicationContext.java:142)
    at org.springframework.boot.SpringApplication.refresh (SpringApplication.java:775)
    at org.springframework.boot.SpringApplication.refreshContext (SpringApplication.java:397)
    at org.springframework.boot.SpringApplication.run (SpringApplication.java:316)
    at org.springframework.boot.SpringApplication.run (SpringApplication.java:1260)
    at org.springframework.boot.SpringApplication.run (SpringApplication.java:1248)
    at com.clone.instagram.instafeedservice.InstaFeedServiceApplication.main (InstaFeedServiceApplication.java:18)
    at jdk.internal.reflect.NativeMethodAccessorImpl.invoke0 (Native Method)
    at jdk.internal.reflect.NativeMethodAccessorImpl.invoke (NativeMethodAccessorImpl.java:62)
    at jdk.internal.reflect.DelegatingMethodAccessorImpl.invoke (DelegatingMethodAccessorImpl.java:43)
    at java.lang.reflect.Method.invoke (Method.java:566)
    at org.springframework.boot.maven.AbstractRunMojo$LaunchRunner.run (AbstractRunMojo.java:558)
    at java.lang.Thread.run (Thread.java:829)
[INFO] ------------------------------------------------------------------------
[INFO] BUILD FAILURE
[INFO] ------------------------------------------------------------------------
[INFO] Total time:  21.707 s
[INFO] Finished at: 2025-11-25T13:10:27-08:00
[INFO] ------------------------------------------------------------------------
[ERROR] Failed to execute goal org.springframework.boot:spring-boot-maven-plugin:2.1.5.RELEASE:run (default-cli) on project insta-feed-service: An exception occurred while running. null: InvocationTargetException: Connector configured to listen on port 8003 failed to start -> [Help 1]
[ERROR] 
[ERROR] To see the full stack trace of the errors, re-run Maven with the -e switch.
[ERROR] Re-run Maven using the -X switch to enable full debug logging.
[ERROR] 
[ERROR] For more information about the errors and possible solutions, please read the following articles:
[ERROR] [Help 1] http://cwiki.apache.org/confluence/display/MAVEN/MojoExecutionException
2025-11-25 13:10:32.542  INFO 60422 --- [container-0-C-1] essageListenerContainer$ListenerConsumer : Consumer stopped
2025-11-25 13:10:32.546  INFO 60422 --- [           main] s.i.k.i.KafkaMessageDrivenChannelAdapter : stopped org.springframework.integration.kafka.inbound.KafkaMessageDrivenChannelAdapter@43f8c8ce
2025-11-25 13:10:32.547  INFO 60422 --- [           main] o.s.c.stream.binder.BinderErrorChannel   : Channel 'application-1.moments.user.changed.graphService.errors' has 1 subscriber(s).
2025-11-25 13:10:32.548  INFO 60422 --- [           main] o.s.c.stream.binder.BinderErrorChannel   : Channel 'application-1.moments.user.changed.graphService.errors' has 0 subscriber(s).
2025-11-25 13:10:32.548  INFO 60422 --- [           main] o.s.i.endpoint.EventDrivenConsumer       : Removing {logging-channel-adapter:_org.springframework.integration.errorLogger} as a subscriber to the 'errorChannel' channel
2025-11-25 13:10:32.549  INFO 60422 --- [           main] o.s.i.channel.PublishSubscribeChannel    : Channel 'application-1.errorChannel' has 0 subscriber(s).
2025-11-25 13:10:32.549  INFO 60422 --- [           main] o.s.i.endpoint.EventDrivenConsumer       : stopped _org.springframework.integration.errorLogger
2025-11-25 13:10:32.553  INFO 60422 --- [           main] o.s.s.c.ThreadPoolTaskScheduler          : Shutting down ExecutorService 'taskScheduler'
2025-11-25 13:10:32.559  INFO 60422 --- [           main] o.s.s.concurrent.ThreadPoolTaskExecutor  : Shutting down ExecutorService 'applicationTaskExecutor'
2025-11-25 13:10:32.562  INFO 60422 --- [           main] o.s.i.monitor.IntegrationMBeanExporter   : Summary on shutdown: momentsUserChanged
2025-11-25 13:10:32.562  INFO 60422 --- [           main] o.s.i.monitor.IntegrationMBeanExporter   : Summary on shutdown: nullChannel
2025-11-25 13:10:32.562  INFO 60422 --- [           main] o.s.i.monitor.IntegrationMBeanExporter   : Summary on shutdown: errorChannel
2025-11-25 13:10:32.562  INFO 60422 --- [           main] o.s.i.monitor.IntegrationMBeanExporter   : Summary on shutdown: moments.user.changed.graphService.errors
2025-11-25 13:10:32.562  INFO 60422 --- [           main] o.s.i.monitor.IntegrationMBeanExporter   : Summary on shutdown: _org.springframework.integration.errorLogger.handler
2025-11-25 13:10:32.563  INFO 60422 --- [           main] com.netflix.discovery.DiscoveryClient    : Shutting down DiscoveryClient ...
2025-11-25 13:10:35.568  INFO 60422 --- [           main] com.netflix.discovery.DiscoveryClient    : Unregistering ...
2025-11-25 13:10:35.577  INFO 60422 --- [           main] com.netflix.discovery.DiscoveryClient    : DiscoveryClient_INSTA-GRAPH/10.242.199.35:insta-graph:8002 - deregister  status: 200
2025-11-25 13:10:35.588  INFO 60422 --- [           main] com.netflix.discovery.DiscoveryClient    : Completed shut down of DiscoveryClient
2025-11-25 13:10:35.591 ERROR 60422 --- [           main] o.s.b.d.LoggingFailureAnalysisReporter   : 

***************************
APPLICATION FAILED TO START
***************************

Description:

The Tomcat connector configured to listen on port 8002 failed to start. The port may already be in use or the connector may be misconfigured.

Action:

Verify the connector's configuration, identify and stop any process that's listening on port 8002, or configure this application to listen on another port.

[WARNING] 
java.lang.reflect.InvocationTargetException
    at jdk.internal.reflect.NativeMethodAccessorImpl.invoke0 (Native Method)
    at jdk.internal.reflect.NativeMethodAccessorImpl.invoke (NativeMethodAccessorImpl.java:62)
    at jdk.internal.reflect.DelegatingMethodAccessorImpl.invoke (DelegatingMethodAccessorImpl.java:43)
    at java.lang.reflect.Method.invoke (Method.java:566)
    at org.springframework.boot.maven.AbstractRunMojo$LaunchRunner.run (AbstractRunMojo.java:558)
    at java.lang.Thread.run (Thread.java:829)
Caused by: org.springframework.boot.web.embedded.tomcat.ConnectorStartFailedException: Connector configured to listen on port 8002 failed to start
    at org.springframework.boot.web.embedded.tomcat.TomcatWebServer.checkConnectorHasStarted (TomcatWebServer.java:232)
    at org.springframework.boot.web.embedded.tomcat.TomcatWebServer.checkThatConnectorsHaveStarted (TomcatWebServer.java:224)
    at org.springframework.boot.web.embedded.tomcat.TomcatWebServer.start (TomcatWebServer.java:202)
    at org.springframework.boot.web.servlet.context.ServletWebServerApplicationContext.startWebServer (ServletWebServerApplicationContext.java:311)
    at org.springframework.boot.web.servlet.context.ServletWebServerApplicationContext.finishRefresh (ServletWebServerApplicationContext.java:164)
    at org.springframework.context.support.AbstractApplicationContext.refresh (AbstractApplicationContext.java:552)
    at org.springframework.boot.web.servlet.context.ServletWebServerApplicationContext.refresh (ServletWebServerApplicationContext.java:142)
    at org.springframework.boot.SpringApplication.refresh (SpringApplication.java:775)
    at org.springframework.boot.SpringApplication.refreshContext (SpringApplication.java:397)
    at org.springframework.boot.SpringApplication.run (SpringApplication.java:316)
    at org.springframework.boot.SpringApplication.run (SpringApplication.java:1260)
    at org.springframework.boot.SpringApplication.run (SpringApplication.java:1248)
    at com.clone.instagram.instagraphservice.InstaGraphServiceApplication.main (InstaGraphServiceApplication.java:13)
    at jdk.internal.reflect.NativeMethodAccessorImpl.invoke0 (Native Method)
    at jdk.internal.reflect.NativeMethodAccessorImpl.invoke (NativeMethodAccessorImpl.java:62)
    at jdk.internal.reflect.DelegatingMethodAccessorImpl.invoke (DelegatingMethodAccessorImpl.java:43)
    at java.lang.reflect.Method.invoke (Method.java:566)
    at org.springframework.boot.maven.AbstractRunMojo$LaunchRunner.run (AbstractRunMojo.java:558)
    at java.lang.Thread.run (Thread.java:829)
[INFO] ------------------------------------------------------------------------
[INFO] BUILD FAILURE
[INFO] ------------------------------------------------------------------------
[INFO] Total time:  29.360 s
[INFO] Finished at: 2025-11-25T13:10:35-08:00
[INFO] ------------------------------------------------------------------------
[ERROR] Failed to execute goal org.springframework.boot:spring-boot-maven-plugin:2.1.4.RELEASE:run (default-cli) on project insta-graph-service: An exception occurred while running. null: InvocationTargetException: Connector configured to listen on port 8002 failed to start -> [Help 1]
[ERROR] 
[ERROR] To see the full stack trace of the errors, re-run Maven with the -e switch.
[ERROR] Re-run Maven using the -X switch to enable full debug logging.
[ERROR] 
[ERROR] For more information about the errors and possible solutions, please read the following articles:
[ERROR] [Help 1] http://cwiki.apache.org/confluence/display/MAVEN/MojoExecutionException
